Case_127,Pending,Sofia,,2022-09-07T10:32:41Z
Case_127,Pass,vfonov,,2022-08-04T14:02:20Z
Case_127,Fail,alexliv,X-Rot (LR); Orbitofrontal/Eyes. X-Rot (LR); Cerebellum/Tentorium,2022-08-05T00:43:29Z
Case_127,Fail,reza,X-Rot (LR); Orbitofrontal/Eyes,2022-08-05T23:06:21Z
Case_127,Fail,dandrews.qrater,,2022-08-05T23:29:22Z
Case_127,Fail,Neda,Z-Scale (IS); Small,2022-08-08T04:48:58Z
Case_127,Pass,estonge,,2022-08-08T17:24:15Z
Case_127,Fail,vmadge,X-Rot (LR); Orbitofrontal/Eyes,2022-08-09T00:16:46Z
Case_27,Pending,Sofia,,2022-09-07T10:36:23Z
Case_27,Fail,vfonov,Y-Scale (AP); Big; Frontal,2022-08-04T14:12:06Z
Case_27,Pass,alexliv,X-Rot (LR); Orbitofrontal/Eyes,2022-08-05T01:06:34Z
Case_27,Fail,reza,Z-Scale (IS); Big,2022-08-08T02:31:20Z
Case_27,Pass,dandrews.qrater,X-Rot (LR); Cerebellum/Tentorium,2022-08-06T00:12:48Z
Case_27,Fail,Neda,Z-Scale (IS); Big,2022-08-08T04:43:48Z
Case_27,Pass,estonge,,2022-08-08T17:34:00Z
Case_27,Pass,vmadge,X-Rot (LR); Cerebellum/Tentorium,2022-08-12T22:26:21Z
Case_104,Fail,Sofia,X-Rot (LR); Orbitofrontal/Eyes,2022-08-02T22:19:05Z
Case_104,Fail,vfonov,X-Rot (LR); Orbitofrontal/Eyes. X-Rot (LR); Cerebellum/Tentorium,2022-08-04T13:49:50Z
Case_104,Fail,alexliv,X-Rot (LR); Orbitofrontal/Eyes,2022-08-05T00:23:26Z
Case_104,Fail,dandrews.qrater,X-Rot (LR); Orbitofrontal/Eyes,2022-08-08T13:35:10Z
Case_104,Fail,reza,X-Rot (LR); Orbitofrontal/Eyes,2022-08-05T21:45:59Z
Case_104,Fail,Neda,X-Rot (LR); Cerebellum/Tentorium,2022-08-08T04:26:39Z
Case_104,Fail,estonge,X-Rot (LR); Orbitofrontal/Eyes,2022-08-08T21:39:39Z
Case_104,Fail,vmadge,X-Rot (LR); Orbitofrontal/Eyes,2022-08-08T23:56:56Z
Case_20,Fail,Sofia,Z-Scale (IS); Big,2022-08-02T22:32:31Z
Case_20,Fail,vfonov,Z-Scale (IS); Big,2022-08-04T14:10:18Z
Case_20,Fail,alexliv,Z-Scale (IS); Big,2022-08-05T01:04:23Z
Case_20,Fail,reza,Z-Scale (IS); Big,2022-08-05T23:27:56Z
Case_20,Fail,dandrews.qrater,Z-Scale (IS); Big,2022-08-06T00:10:17Z
Case_20,Fail,Neda,,2022-08-07T21:47:33Z
Case_20,Fail,estonge,Z-Scale (IS); Small,2022-08-08T19:20:42Z
Case_20,Fail,vmadge,Z-Scale (IS); Big,2022-08-12T22:19:42Z
Case_95,Pending,Sofia,,2022-09-07T10:41:03Z
Case_95,Fail,vfonov,Z-Scale (IS); Big,2022-08-04T14:27:09Z
Case_95,Pass,alexliv,X-Rot (LR); Cerebellum/Tentorium,2022-08-05T01:21:14Z
Case_95,Pass,dandrews.qrater,X-Rot (LR); Cerebellum/Tentorium,2022-08-08T15:13:20Z
Case_95,Fail,reza,X-Rot (LR); Cerebellum/Tentorium,2022-08-08T01:16:04Z
Case_95,Fail,Neda,Y-Scale (AP); Big; Occipital. Y-Scale (AP); Big; Frontal. Z-Scale (IS); Big,2022-08-08T04:30:17Z
Case_95,Fail,estonge,Y-Scale (AP); Small; Occipital. Z-Scale (IS); Small,2022-08-08T18:14:11Z
Case_95,Fail,vmadge,X-Rot (LR); Cerebellum/Tentorium. X-Scale (LR); Small,2022-08-12T23:03:09Z
Case_103,Pass,alexliv,,2022-08-01T19:35:09Z
Case_103,Pending,Sofia,X-Rot (LR); Cerebellum/Tentorium,2022-09-07T10:30:01Z
Case_103,Fail,vfonov,Z-Scale (IS); Big,2022-08-04T13:49:16Z
Case_103,Pass,dandrews.qrater,X-Rot (LR); Cerebellum/Tentorium,2022-08-08T13:33:29Z
Case_103,Fail,reza,X-Rot (LR); Cerebellum/Tentorium,2022-08-08T00:22:34Z
Case_103,Fail,Neda,Z-Scale (IS); Big,2022-08-07T21:21:04Z
Case_103,Fail,estonge,X-Scale (LR); Small. Y-Scale (AP); Small; Occipital,2022-08-08T22:02:23Z
Case_103,Fail,vmadge,X-Rot (LR); Cerebellum/Tentorium. X-Scale (LR); Small. Y-Scale (AP); Small; Occipital,2022-08-08T23:54:19Z
Case_107,Pending,Sofia,,2022-09-07T10:31:01Z
Case_107,Pass,vfonov,,2022-08-04T13:51:18Z
Case_107,Pass,alexliv,,2022-08-05T00:25:27Z
Case_107,Pass,dandrews.qrater,Z-Scale (IS); Big,2022-08-05T18:56:13Z
Case_107,Fail,reza,Z-Scale (IS); Big,2022-08-08T02:37:33Z
Case_107,Pass,Neda,,2022-08-07T21:22:42Z
Case_107,Pass,estonge,,2022-08-08T16:55:58Z
Case_107,Pass,vmadge,Z-Scale (IS); Small,2022-08-09T00:01:29Z
Case_90,Pending,Sofia,,2022-09-07T10:40:29Z
Case_90,Pass,vfonov,,2022-08-04T14:26:29Z
Case_90,Pass,alexliv,,2022-08-05T01:19:52Z
Case_90,Pass,dandrews.qrater,also big LR. Y-Scale (AP); Big; Occipital. Y-Scale (AP); Big; Frontal,2022-08-08T15:12:22Z
Case_90,Fail,reza,Y-Scale (AP); Big; Occipital,2022-08-08T03:30:55Z
Case_90,Fail,Neda,Y-Scale (AP); Big; Occipital,2022-08-15T03:54:45Z
Case_90,Pass,estonge,,2022-08-08T21:57:56Z
Case_90,Fail,vmadge,X-Rot (LR); Cerebellum/Tentorium. Y-Scale (AP); Big; Occipital,2022-08-12T23:01:00Z
Case_71,Pending,Sofia,,2022-09-07T10:39:12Z
Case_71,Pass,vfonov,,2022-08-04T14:22:05Z
Case_71,Pass,alexliv,,2022-08-05T01:16:16Z
Case_71,Pass,dandrews.qrater,Y-Scale (AP); Big; Occipital,2022-08-08T15:06:46Z
Case_71,Fail,reza,Y-Scale (AP); Big; Occipital,2022-08-08T03:26:06Z
Case_71,Fail,Neda,Y-Scale (AP); Big; Occipital,2022-08-07T22:24:43Z
Case_71,Pass,estonge,"near
. X-Scale (LR); Small. Y-Scale (AP); Small; Occipital",2022-08-08T22:04:02Z
Case_71,Pass,vmadge,Y-Scale (AP); Big; Occipital,2022-08-12T22:53:04Z
Case_105,Pending,Sofia,X-Rot (LR); Cerebellum/Tentorium. Z-Scale (IS); Big,2022-09-07T10:30:16Z
Case_105,Fail,vfonov,Z-Scale (IS); Big,2022-08-04T13:50:12Z
Case_105,Fail,alexliv,X-Rot (LR); Cerebellum/Tentorium,2022-08-05T00:23:57Z
Case_105,Fail,dandrews.qrater,Z-Scale (IS); Big. X-Rot (LR); Cerebellum/Tentorium,2022-08-06T00:47:15Z
Case_105,Fail,reza,Z-Scale (IS); Big,2022-08-05T21:46:35Z
Case_105,Fail,Neda,Z-Scale (IS); Big,2022-08-07T21:21:57Z
Case_105,Fail,estonge,Z-Scale (IS); Big,2022-08-08T16:13:02Z
Case_105,Fail,vmadge,X-Rot (LR); Cerebellum/Tentorium. Y-Scale (AP); Big; Frontal. Z-Scale (IS); Big,2022-08-08T23:58:10Z
Case_112,Pending,Sofia,,2022-09-07T10:31:20Z
Case_112,Fail,vfonov,Z-Scale (IS); Big,2022-08-04T13:52:17Z
Case_112,Fail,alexliv,Z-Scale (IS); Big,2022-08-05T00:33:59Z
Case_112,Pass,dandrews.qrater,,2022-08-05T20:58:42Z
Case_112,Fail,reza,Z-Scale (IS); Big. Y-Scale (AP); Big; Occipital,2022-08-08T01:18:11Z
Case_112,Fail,Neda,Z-Scale (IS); Big,2022-08-08T04:49:22Z
Case_112,Pass,estonge,"Z small (only by a little)
",2022-08-08T22:02:47Z
Case_112,Pass,vmadge,,2022-08-09T00:06:12Z
Case_2,Pending,Sofia,,2022-09-07T10:35:39Z
Case_2,Fail,vfonov,X-Scale (LR); Small. Y-Scale (AP); Small; Occipital. Z-Scale (IS); Small,2022-08-04T14:10:07Z
Case_2,Fail,alexliv,Y-Scale (AP); Small; Occipital. Z-Scale (IS); Small,2022-08-05T01:04:09Z
Case_2,Fail,reza,Y-Scale (AP); Small; Occipital,2022-08-05T23:27:45Z
Case_2,Fail,dandrews.qrater,X-Rot (LR); Cerebellum/Tentorium,2022-08-08T14:20:47Z
Case_2,Fail,Neda,Z-Scale (IS); Small,2022-08-07T21:47:28Z
Case_2,Fail,estonge,X-Scale (LR); Small. Z-Scale (IS); Small,2022-08-08T22:03:31Z
Case_2,Fail,vmadge,X-Rot (LR); Cerebellum/Tentorium. Y-Scale (AP); Small; Occipital. Z-Scale (IS); Small,2022-08-12T22:19:01Z
Case_30,Fail,Sofia,X-Scale (LR); Small. Z-Scale (IS); Small,2022-08-02T22:35:26Z
Case_30,Fail,vfonov,X-Scale (LR); Small. Y-Scale (AP); Small; Occipital. Z-Scale (IS); Small,2022-08-04T14:13:11Z
Case_30,Fail,alexliv,Z-Scale (IS); Small,2022-08-05T01:07:46Z
Case_30,Fail,reza,X-Scale (LR); Small. Y-Scale (AP); Small; Occipital. Z-Scale (IS); Small,2022-08-05T23:41:49Z
Case_30,Fail,dandrews.qrater,X-Scale (LR); Small. Y-Scale (AP); Small; Occipital. Z-Scale (IS); Small,2022-08-06T00:16:48Z
Case_30,Fail,Neda,,2022-08-07T21:50:54Z
Case_30,Fail,estonge,X-Scale (LR); Small. Y-Scale (AP); Small; Occipital. Z-Scale (IS); Small,2022-08-08T17:35:00Z
Case_30,Fail,vmadge,X-Rot (LR); Orbitofrontal/Eyes. X-Rot (LR); Cerebellum/Tentorium. Y-Scale (AP); Small; Occipital. Z-Scale (IS); Small,2022-08-12T22:29:17Z
Case_110,Pass,Sofia,,2022-08-02T22:20:35Z
Case_110,Pass,vfonov,,2022-08-04T13:51:46Z
Case_110,Pass,alexliv,,2022-08-05T00:33:08Z
Case_110,Pass,dandrews.qrater, x-scale big in cerebellum ,2022-08-05T19:03:33Z
Case_110,Pass,reza,,2022-08-05T22:04:40Z
Case_110,Pass,Neda,,2022-08-07T21:23:37Z
Case_110,Pass,estonge,,2022-08-08T16:57:19Z
Case_110,Pass,vmadge,Y-Scale (AP); Big; Occipital,2022-08-09T00:03:48Z
Case_36,Pending,Sofia,,2022-09-07T10:37:02Z
Case_36,Pass,vfonov,,2022-08-04T14:15:20Z
Case_36,Pass,alexliv,,2022-08-05T01:09:29Z
Case_36,Fail,dandrews.qrater,X-Scale (LR); Small,2022-08-06T00:20:55Z
Case_36,Pass,reza,,2022-08-06T00:35:00Z
Case_36,Pass,Neda,,2022-08-07T22:05:22Z
Case_36,Pass,estonge,,2022-08-08T17:37:46Z
Case_36,Pass,vmadge,X-Scale (LR); Small,2022-08-12T22:36:02Z
Case_114,Fail,Sofia,Z-Scale (IS); Small,2022-08-02T22:22:16Z
Case_114,Fail,vfonov,X-Scale (LR); Small. Y-Scale (AP); Small; Occipital. Z-Scale (IS); Small,2022-08-04T13:53:02Z
Case_114,Fail,alexliv,X-Scale (LR); Small. Y-Scale (AP); Small; Occipital. Z-Scale (IS); Small,2022-08-05T00:34:56Z
Case_114,Fail,dandrews.qrater,,2022-08-05T21:02:53Z
Case_114,Fail,reza,X-Scale (LR); Small. Y-Scale (AP); Small; Occipital. Z-Scale (IS); Small,2022-08-05T22:36:08Z
Case_114,Fail,Neda,,2022-08-07T21:25:14Z
Case_114,Fail,estonge,X-Scale (LR); Small. Z-Scale (IS); Small,2022-08-08T17:19:03Z
Case_114,Fail,vmadge,X-Rot (LR); Orbitofrontal/Eyes. Y-Scale (AP); Small; Occipital. Z-Scale (IS); Small,2022-08-09T00:07:58Z
Case_23,Pending,Sofia,X-Rot (LR); Orbitofrontal/Eyes,2022-09-07T10:36:09Z
Case_23,Fail,vfonov,X-Rot (LR); Orbitofrontal/Eyes,2022-08-04T14:11:09Z
Case_23,Fail,alexliv,X-Rot (LR); Orbitofrontal/Eyes. X-Rot (LR); Cerebellum/Tentorium. Z-Scale (IS); Big,2022-08-05T01:05:23Z
Case_23,Fail,reza,X-Rot (LR); Orbitofrontal/Eyes. X-Rot (LR); Cerebellum/Tentorium,2022-08-08T00:56:47Z
Case_23,Fail,dandrews.qrater,X-Rot (LR); Orbitofrontal/Eyes,2022-08-06T00:11:22Z
Case_23,Fail,Neda,X-Rot (LR); Orbitofrontal/Eyes. X-Rot (LR); Cerebellum/Tentorium,2022-08-07T21:49:00Z
Case_23,Fail,estonge,X-Rot (LR); Orbitofrontal/Eyes,2022-08-08T19:20:58Z
Case_23,Fail,vmadge,X-Rot (LR); Orbitofrontal/Eyes. X-Rot (LR); Cerebellum/Tentorium. Y-Scale (AP); Big; Occipital,2022-08-12T22:23:44Z
Case_55,Fail,Sofia,X-Scale (LR); Small. Z-Scale (IS); Small,2022-08-02T22:53:13Z
Case_55,Fail,vfonov,X-Scale (LR); Small. Y-Scale (AP); Small; Occipital. Z-Scale (IS); Small,2022-08-04T14:18:52Z
Case_55,Fail,alexliv,X-Rot (LR); Orbitofrontal/Eyes. X-Rot (LR); Cerebellum/Tentorium. Z-Scale (IS); Small,2022-08-05T01:12:21Z
Case_55,Fail,dandrews.qrater,X-Scale (LR); Small. Y-Scale (AP); Small; Occipital. Z-Scale (IS); Small,2022-08-06T00:25:07Z
Case_55,Fail,reza,X-Scale (LR); Small. Y-Scale (AP); Small; Occipital. Z-Scale (IS); Small,2022-08-06T21:25:50Z
Case_55,Fail,Neda,X-Rot (LR); Orbitofrontal/Eyes,2022-08-07T22:09:13Z
Case_55,Fail,estonge,X-Scale (LR); Small. Y-Scale (AP); Small; Occipital. Z-Scale (IS); Small,2022-08-08T17:50:55Z
Case_55,Fail,vmadge,X-Rot (LR); Orbitofrontal/Eyes. X-Rot (LR); Cerebellum/Tentorium. X-Scale (LR); Small. Y-Scale (AP); Small; Occipital. Z-Scale (IS); Small,2022-08-12T22:44:38Z
Case_108,Pending,Sofia,,2022-09-07T10:31:06Z
Case_108,Fail,vfonov,Z-Scale (IS); Big,2022-08-04T13:51:30Z
Case_108,Fail,alexliv,X-Rot (LR); Orbitofrontal/Eyes. Z-Scale (IS); Big,2022-08-05T00:32:55Z
Case_108,Pass,dandrews.qrater,Z-Scale (IS); Big. X-Rot (LR); Cerebellum/Tentorium,2022-08-08T13:36:20Z
Case_108,Fail,reza,Z-Scale (IS); Big,2022-08-05T21:48:22Z
Case_108,Fail,Neda,Z-Scale (IS); Big,2022-08-07T21:23:15Z
Case_108,Fail,estonge,X-Rot (LR); Orbitofrontal/Eyes. Z-Scale (IS); Small,2022-08-08T22:02:37Z
Case_108,Fail,vmadge,X-Rot (LR); Cerebellum/Tentorium. Y-Scale (AP); Big; Occipital,2022-08-09T00:02:52Z
Case_39,Pending,Sofia,,2022-09-07T10:37:19Z
Case_39,Fail,vfonov,Z-Scale (IS); Big,2022-08-04T14:15:47Z
Case_39,Fail,alexliv,X-Rot (LR); Cerebellum/Tentorium. Y-Scale (AP); Big; Occipital. Y-Scale (AP); Big; Frontal. Z-Scale (IS); Big,2022-08-05T01:10:03Z
Case_39,Pass,dandrews.qrater,Z-Scale (IS); Big,2022-08-08T14:28:37Z
Case_39,Fail,reza,Z-Scale (IS); Big,2022-08-06T21:19:53Z
Case_39,Fail,Neda,Z-Scale (IS); Big,2022-08-08T04:40:08Z
Case_39,Fail,estonge,X-Rot (LR); Cerebellum/Tentorium. Z-Scale (IS); Small,2022-08-08T17:38:32Z
Case_39,Fail,vmadge,X-Rot (LR); Cerebellum/Tentorium. Z-Scale (IS); Big,2022-08-12T22:38:02Z
Case_150,Pending,Sofia,X-Rot (LR); Orbitofrontal/Eyes,2022-09-07T10:35:05Z
Case_150,Fail,vfonov,X-Rot (LR); Orbitofrontal/Eyes. X-Rot (LR); Cerebellum/Tentorium,2022-08-04T14:09:14Z
Case_150,Pass,alexliv,X-Rot (LR); Orbitofrontal/Eyes. X-Rot (LR); Cerebellum/Tentorium. Z-Scale (IS); Small,2022-08-05T01:03:17Z
Case_150,Fail,reza,X-Rot (LR); Orbitofrontal/Eyes,2022-08-05T23:25:01Z
Case_150,Fail,dandrews.qrater,,2022-08-06T00:04:57Z
Case_150,Fail,Neda,X-Rot (LR); Cerebellum/Tentorium,2022-08-07T21:46:42Z
Case_150,Fail,estonge,X-Rot (LR); Orbitofrontal/Eyes,2022-08-08T17:29:59Z
Case_150,Fail,vmadge,X-Rot (LR); Orbitofrontal/Eyes. X-Rot (LR); Cerebellum/Tentorium. Y-Scale (AP); Small; Occipital,2022-08-12T22:17:27Z
Case_54,Fail,Sofia,X-Rot (LR); Orbitofrontal/Eyes,2022-08-02T22:40:07Z
Case_54,Fail,vfonov,,2022-08-04T14:18:35Z
Case_54,Fail,alexliv,X-Rot (LR); Orbitofrontal/Eyes. X-Rot (LR); Cerebellum/Tentorium,2022-08-05T01:12:10Z
Case_54,Fail,dandrews.qrater,X-Rot (LR); Orbitofrontal/Eyes,2022-08-06T00:24:56Z
Case_54,Fail,reza,X-Rot (LR); Orbitofrontal/Eyes,2022-08-06T21:23:40Z
Case_54,Fail,Neda,,2022-08-07T22:08:49Z
Case_54,Fail,estonge,X-Rot (LR); Orbitofrontal/Eyes. Z-Scale (IS); Small,2022-08-08T17:50:06Z
Case_54,Fail,vmadge,X-Rot (LR); Orbitofrontal/Eyes. X-Rot (LR); Cerebellum/Tentorium,2022-08-12T22:44:10Z
Case_143,Pending,Sofia,X-Scale (LR); Small. Z-Scale (IS); Small,2022-09-07T10:34:36Z
Case_143,Fail,vfonov,X-Scale (LR); Small,2022-08-04T14:08:19Z
Case_143,Fail,alexliv,Z-Scale (IS); Small,2022-08-05T01:01:51Z
Case_143,Fail,reza,Z-Scale (IS); Small. X-Scale (LR); Small,2022-08-08T00:53:42Z
Case_143,Fail,dandrews.qrater,,2022-08-06T00:03:10Z
Case_143,Fail,Neda,Z-Scale (IS); Big,2022-08-08T04:46:49Z
Case_143,Fail,estonge,X-Scale (LR); Small,2022-08-08T22:03:13Z
Case_143,Fail,vmadge,X-Scale (LR); Small,2022-08-12T23:06:41Z
Case_60,Fail,Sofia,X-Rot (LR); Orbitofrontal/Eyes,2022-08-02T22:42:21Z
Case_60,Fail,vfonov,X-Rot (LR); Orbitofrontal/Eyes,2022-08-04T14:20:03Z
Case_60,Fail,alexliv,X-Rot (LR); Orbitofrontal/Eyes,2022-08-05T01:13:47Z
Case_60,Fail,dandrews.qrater,X-Rot (LR); Orbitofrontal/Eyes,2022-08-06T00:30:22Z
Case_60,Fail,reza,X-Rot (LR); Orbitofrontal/Eyes,2022-08-06T21:29:34Z
Case_60,Fail,Neda,X-Rot (LR); Cerebellum/Tentorium,2022-08-07T22:13:57Z
Case_60,Fail,estonge,X-Rot (LR); Orbitofrontal/Eyes,2022-08-08T17:52:25Z
Case_60,Fail,vmadge,X-Rot (LR); Orbitofrontal/Eyes. X-Rot (LR); Cerebellum/Tentorium. X-Scale (LR); Small. Y-Scale (AP); Big; Frontal,2022-08-12T22:48:07Z
Case_77,Pending,Sofia,Y-Scale (AP); Big; Frontal,2022-09-07T10:39:41Z
Case_77,Fail,vfonov,Y-Scale (AP); Big; Frontal,2022-08-04T14:22:55Z
Case_77,Fail,alexliv,X-Rot (LR); Cerebellum/Tentorium. Y-Scale (AP); Big; Occipital. Y-Scale (AP); Big; Frontal. Z-Scale (IS); Small,2022-08-05T01:17:12Z
Case_77,Fail,dandrews.qrater,X-Rot (LR); Cerebellum/Tentorium. Y-Scale (AP); Small; Occipital. Y-Scale (AP); Big; Occipital,2022-08-08T15:08:42Z
Case_77,Fail,reza,X-Rot (LR); Cerebellum/Tentorium. Y-Scale (AP); Big; Occipital,2022-08-08T01:12:05Z
Case_77,Fail,Neda,Y-Scale (AP); Big; Occipital,2022-08-07T22:26:32Z
Case_77,Fail,estonge,Y-Scale (AP); Big; Occipital. Y-Scale (AP); Big; Frontal,2022-08-08T18:01:31Z
Case_77,Fail,vmadge,X-Rot (LR); Cerebellum/Tentorium. Y-Scale (AP); Big; Occipital. Y-Scale (AP); Big; Frontal,2022-08-12T22:55:21Z
Case_92,Fail,Sofia,X-Scale (LR); Small. Y-Scale (AP); Small; Occipital. Z-Scale (IS); Small,2022-08-02T22:47:32Z
Case_92,Fail,vfonov,X-Scale (LR); Small. Y-Scale (AP); Small; Occipital. Z-Scale (IS); Small,2022-08-04T14:26:38Z
Case_92,Fail,alexliv,X-Scale (LR); Small. Y-Scale (AP); Small; Occipital. Z-Scale (IS); Small,2022-08-05T01:19:59Z
Case_92,Fail,dandrews.qrater,X-Scale (LR); Small. Y-Scale (AP); Small; Occipital. Z-Scale (IS); Small,2022-08-06T00:42:05Z
Case_92,Fail,reza,X-Rot (LR); Cerebellum/Tentorium. X-Scale (LR); Small. Y-Scale (AP); Small; Occipital. Z-Scale (IS); Small,2022-08-06T21:39:30Z
Case_92,Fail,Neda,,2022-08-07T20:51:21Z
Case_92,Fail,estonge,X-Scale (LR); Small. Z-Scale (IS); Small,2022-08-08T18:10:38Z
Case_92,Fail,vmadge,X-Rot (LR); Orbitofrontal/Eyes. X-Rot (LR); Cerebellum/Tentorium. X-Scale (LR); Small. Y-Scale (AP); Small; Occipital. Z-Scale (IS); Small,2022-08-12T23:01:14Z
Case_70,Pass,Sofia,,2022-08-02T22:43:55Z
Case_70,Pass,vfonov,,2022-08-04T14:21:33Z
Case_70,Pass,alexliv,,2022-08-05T01:15:59Z
Case_70,Pass,dandrews.qrater,,2022-08-06T00:32:51Z
Case_70,Pass,reza,,2022-08-06T21:31:33Z
Case_70,Pass,Neda,,2022-08-07T22:19:57Z
Case_70,Pass,estonge,,2022-08-08T17:57:04Z
Case_70,Pass,vmadge,X-Scale (LR); Small,2022-08-12T22:52:30Z
Case_128,Pending,Sofia,X-Rot (LR); Orbitofrontal/Eyes,2022-09-07T10:32:49Z
Case_128,Fail,vfonov,,2022-08-04T14:02:40Z
Case_128,Fail,alexliv,X-Rot (LR); Orbitofrontal/Eyes. X-Rot (LR); Cerebellum/Tentorium. Z-Scale (IS); Small,2022-08-05T00:43:42Z
Case_128,Fail,reza,X-Rot (LR); Orbitofrontal/Eyes,2022-08-05T23:07:20Z
Case_128,Fail,dandrews.qrater,X-Rot (LR); Orbitofrontal/Eyes,2022-08-08T14:01:43Z
Case_128,Fail,Neda,X-Rot (LR); Orbitofrontal/Eyes,2022-08-07T21:40:36Z
Case_128,Pass,estonge,,2022-08-08T17:24:35Z
Case_128,Fail,vmadge,X-Rot (LR); Orbitofrontal/Eyes. Z-Scale (IS); Small,2022-08-09T00:18:48Z
Case_82,Fail,Sofia,Z-Scale (IS); Big,2022-08-02T22:45:41Z
Case_82,Fail,vfonov,Z-Scale (IS); Big,2022-08-04T14:23:48Z
Case_82,Fail,alexliv,Z-Scale (IS); Big,2022-08-05T01:18:21Z
Case_82,Fail,dandrews.qrater,Z-Scale (IS); Big,2022-08-08T15:10:30Z
Case_82,Fail,reza,Z-Scale (IS); Big,2022-08-06T21:36:10Z
Case_82,Fail,Neda,,2022-08-07T22:27:31Z
Case_82,Fail,estonge,Y-Scale (AP); Small; Occipital. Z-Scale (IS); Small,2022-08-08T18:04:25Z
Case_82,Fail,vmadge,X-Rot (LR); Orbitofrontal/Eyes. Z-Scale (IS); Big,2022-08-12T22:57:20Z
Case_45,Pending,Sofia,,2022-09-07T10:37:40Z
Case_45,Fail,vfonov,x-scale big,2022-08-04T14:17:09Z
Case_45,Pass,alexliv,,2022-08-05T01:10:52Z
Case_45,Pass,dandrews.qrater,,2022-08-08T14:48:15Z
Case_45,Fail,reza,X-Scale; Big?zz,2022-08-08T03:19:52Z
Case_45,Fail,Neda,X-Scale; big?,2022-08-08T04:41:03Z
Case_45,Fail,estonge,X big,2022-08-08T21:54:28Z
Case_45,Pass,vmadge,,2022-08-12T22:41:39Z
Case_85,Pending,Sofia,,2022-09-07T10:40:05Z
Case_85,Pass,vfonov,,2022-08-04T14:25:05Z
Case_85,Fail,alexliv,Z-Scale (IS); Big,2022-08-05T01:18:46Z
Case_85,Pass,dandrews.qrater,Z-Scale (IS); Big,2022-08-08T15:11:24Z
Case_85,Fail,reza,Z-Scale (IS); Big,2022-08-08T01:14:05Z
Case_85,Fail,Neda,Z-Scale (IS); Big,2022-08-08T04:52:15Z
Case_85,Fail,estonge,Z-Scale (IS); Small,2022-08-08T22:04:12Z
Case_85,Pass,vmadge,Z-Scale (IS); Big,2022-08-12T22:58:29Z
Case_15,Pending,Sofia,,2022-09-07T10:34:52Z
Case_15,Pass,vfonov,,2022-08-04T14:08:54Z
Case_15,Pass,alexliv,,2022-08-05T01:02:41Z
Case_15,Fail,reza,Cerebellum!,2022-08-08T03:10:05Z
Case_15,Pass,dandrews.qrater,cerebellum sticks out,2022-08-06T00:04:16Z
Case_15,Fail,Neda,Z-Scale (IS); Big,2022-08-15T03:44:34Z
Case_15,Pass,estonge,,2022-08-08T17:29:44Z
Case_15,Pass,vmadge,,2022-08-12T23:07:22Z
Case_25,Fail,Sofia,Z-Scale (IS); Small. X-Rot (LR); Cerebellum/Tentorium,2022-08-02T22:52:37Z
Case_25,Fail,vfonov,X-Scale (LR); Small. Y-Scale (AP); Small; Occipital. Z-Scale (IS); Small,2022-08-04T14:11:43Z
Case_25,Fail,alexliv,X-Rot (LR); Cerebellum/Tentorium. Z-Scale (IS); Small,2022-08-05T01:05:50Z
Case_25,Fail,reza,X-Scale (LR); Small. Y-Scale (AP); Small; Occipital. Z-Scale (IS); Small,2022-08-05T23:39:50Z
Case_25,Fail,dandrews.qrater,X-Rot (LR); Cerebellum/Tentorium. Z-Scale (IS); Small,2022-08-06T00:12:31Z
Case_25,Fail,Neda,,2022-08-07T21:49:23Z
Case_25,Fail,estonge,Z-Scale (IS); Small,2022-08-08T17:33:39Z
Case_25,Fail,vmadge,X-Rot (LR); Orbitofrontal/Eyes. X-Rot (LR); Cerebellum/Tentorium. X-Scale (LR); Small. Y-Scale (AP); Small; Occipital. Z-Scale (IS); Small,2022-08-12T22:25:35Z
Case_73,Fail,Sofia,Y-Scale (AP); Big; Occipital. X-Rot (LR); Cerebellum/Tentorium,2022-08-02T22:50:12Z
Case_73,Fail,vfonov,Z-Scale (IS); Small,2022-08-04T14:22:21Z
Case_73,Fail,alexliv,X-Rot (LR); Cerebellum/Tentorium,2022-08-05T01:16:29Z
Case_73,Fail,dandrews.qrater,X-Rot (LR); Cerebellum/Tentorium,2022-08-06T00:33:51Z
Case_73,Fail,reza,X-Rot (LR); Cerebellum/Tentorium,2022-08-06T21:32:48Z
Case_73,Fail,Neda,X-Rot (LR); Cerebellum/Tentorium,2022-08-07T22:25:06Z
Case_73,Fail,estonge,Y-Scale (AP); Big; Occipital. Z-Scale (IS); Small,2022-08-08T17:59:27Z
Case_73,Fail,vmadge,X-Rot (LR); Cerebellum/Tentorium. Y-Scale (AP); Big; Occipital,2022-08-12T22:53:33Z
Case_115,Pending,Sofia,,2022-09-07T10:31:39Z
Case_115,Pass,vfonov,,2022-08-04T13:53:42Z
Case_115,Pass,alexliv,,2022-08-05T00:36:00Z
Case_115,Pass,dandrews.qrater,,2022-08-05T21:03:55Z
Case_115,Fail,reza,X-Rot (LR); Cerebellum/Tentorium,2022-08-08T03:01:27Z
Case_115,Fail,Neda,Z-Scale (IS); Big,2022-08-15T03:52:34Z
Case_115,Pass,estonge,,2022-08-08T17:19:24Z
Case_115,Pass,vmadge,X-Rot (LR); Cerebellum/Tentorium,2022-08-09T00:09:17Z
Case_113,Fail,Sofia,X-Rot (LR); Cerebellum/Tentorium. Z-Scale (IS); Small,2022-08-02T22:22:02Z
Case_113,Fail,vfonov,X-Scale (LR); Small. Y-Scale (AP); Small; Occipital,2022-08-04T13:52:52Z
Case_113,Fail,alexliv,X-Rot (LR); Orbitofrontal/Eyes. X-Scale (LR); Small. Y-Scale (AP); Small; Occipital. Z-Scale (IS); Small,2022-08-05T00:34:43Z
Case_113,Fail,dandrews.qrater,X-Scale (LR); Small. Y-Scale (AP); Small; Occipital. Z-Scale (IS); Small,2022-08-05T21:02:44Z
Case_113,Fail,reza,X-Rot (LR); Cerebellum/Tentorium. Z-Scale (IS); Small,2022-08-05T22:35:22Z
Case_113,Fail,Neda,Z-Scale (IS); Small,2022-08-07T21:25:09Z
Case_113,Fail,estonge,X-Rot (LR); Cerebellum/Tentorium. Z-Scale (IS); Small,2022-08-08T17:18:49Z
Case_113,Fail,vmadge,X-Rot (LR); Cerebellum/Tentorium. Y-Scale (AP); Small; Occipital. Z-Scale (IS); Small,2022-08-09T00:07:09Z
Case_79,Pending,Sofia,,2022-09-07T10:39:48Z
Case_79,Pass,vfonov,,2022-08-04T14:23:27Z
Case_79,Pass,alexliv,Y-Scale (AP); Small; Occipital,2022-08-05T01:17:42Z
Case_79,Fail,dandrews.qrater,Y-Scale (AP); Small; Occipital. Z-Scale (IS); Big,2022-08-08T15:09:43Z
Case_79,Fail,reza,X-Rot (LR); Cerebellum/Tentorium,2022-08-08T03:28:40Z
Case_79,Fail,Neda,,2022-08-07T22:26:54Z
Case_79,Fail,estonge,Y-Scale (AP); Big; Frontal,2022-08-08T18:02:18Z
Case_79,Pass,vmadge,X-Rot (LR); Orbitofrontal/Eyes,2022-08-12T22:56:17Z
Case_98,Fail,Sofia,X-Scale (LR); Small. Z-Scale (IS); Small,2022-08-02T22:48:21Z
Case_98,Fail,vfonov,X-Scale (LR); Small. Y-Scale (AP); Small; Occipital. Z-Scale (IS); Small,2022-08-04T14:27:17Z
Case_98,Fail,alexliv,Y-Scale (AP); Small; Occipital. Z-Scale (IS); Small,2022-08-05T01:21:29Z
Case_98,Fail,dandrews.qrater,X-Scale (LR); Small. Y-Scale (AP); Small; Occipital. Z-Scale (IS); Small,2022-08-06T00:42:52Z
Case_98,Fail,reza,X-Scale (LR); Small. Y-Scale (AP); Small; Occipital. Z-Scale (IS); Small,2022-08-06T21:42:12Z
Case_98,Fail,Neda,,2022-08-07T20:50:24Z
Case_98,Fail,estonge,X-Scale (LR); Small. Y-Scale (AP); Small; Occipital. Z-Scale (IS); Small,2022-08-08T18:14:49Z
Case_98,Fail,vmadge,X-Rot (LR); Orbitofrontal/Eyes. X-Rot (LR); Cerebellum/Tentorium. X-Scale (LR); Small. Y-Scale (AP); Small; Occipital. Z-Scale (IS); Small,2022-08-12T23:03:22Z
Case_117,Fail,Sofia,X-Scale (LR); Small. Z-Scale (IS); Small,2022-08-02T22:23:52Z
Case_117,Fail,vfonov,X-Scale (LR); Small,2022-08-04T13:54:14Z
Case_117,Fail,alexliv,Z-Scale (IS); Small,2022-08-05T00:36:47Z
Case_117,Fail,dandrews.qrater,,2022-08-05T21:11:00Z
Case_117,Fail,reza,X-Scale (LR); Small. Z-Scale (IS); Small,2022-08-08T00:37:50Z
Case_117,Fail,Neda,X-Scale (LR); Small. Z-Scale (IS); Small,2022-08-07T21:31:09Z
Case_117,Fail,estonge,X-Scale (LR); Small,2022-08-08T17:20:32Z
Case_117,Fail,vmadge,,2022-08-09T00:11:31Z
Case_88,Fail,Sofia,Y-Scale (AP); Small; Occipital,2022-08-02T22:46:45Z
Case_88,Fail,vfonov,X-Scale (LR); Small. Y-Scale (AP); Small; Occipital. Z-Scale (IS); Small,2022-08-04T14:25:45Z
Case_88,Fail,alexliv,Y-Scale (AP); Small; Occipital. Z-Scale (IS); Small,2022-08-05T01:19:12Z
Case_88,Fail,dandrews.qrater,X-Scale (LR); Small. Y-Scale (AP); Small; Occipital. Z-Scale (IS); Small,2022-08-06T00:39:18Z
Case_88,Fail,reza,X-Rot (LR); Orbitofrontal/Eyes. Y-Scale (AP); Small; Occipital,2022-08-06T21:38:17Z
Case_88,Fail,Neda,,2022-08-07T20:52:12Z
Case_88,Fail,estonge,Y-Scale (AP); Small; Occipital,2022-08-08T18:05:44Z
Case_88,Fail,vmadge,X-Rot (LR); Orbitofrontal/Eyes. X-Rot (LR); Cerebellum/Tentorium. Y-Scale (AP); Small; Occipital,2022-08-12T22:59:16Z
Case_137,Pending,Sofia,Y-Scale (AP); Big; Occipital,2022-09-07T10:33:52Z
Case_137,Fail,vfonov,Z-Scale (IS); Small,2022-08-04T14:07:27Z
Case_137,Fail,alexliv,X-Rot (LR); Cerebellum/Tentorium. Y-Scale (AP); Big; Occipital. Z-Scale (IS); Small,2022-08-05T01:00:16Z
Case_137,Fail,reza,X-Rot (LR); Cerebellum/Tentorium,2022-08-05T23:17:40Z
Case_137,Fail,dandrews.qrater,X-Rot (LR); Cerebellum/Tentorium,2022-08-08T14:04:19Z
Case_137,Fail,Neda,Y-Scale (AP); Big; Occipital,2022-08-07T21:44:31Z
Case_137,Fail,estonge,Y-Scale (AP); Big; Occipital. Z-Scale (IS); Big,2022-08-08T17:27:53Z
Case_137,Fail,vmadge,X-Rot (LR); Cerebellum/Tentorium. Y-Scale (AP); Big; Occipital,2022-08-09T00:23:35Z
Case_130,Pass,Sofia,,2022-08-02T22:27:34Z
Case_130,Pass,vfonov,,2022-08-04T14:03:39Z
Case_130,Pass,alexliv,,2022-08-05T00:45:25Z
Case_130,Pass,reza,,2022-08-05T23:10:54Z
Case_130,Pass,dandrews.qrater,,2022-08-05T23:39:08Z
Case_130,Pass,Neda,,2022-08-07T21:42:37Z
Case_130,Pass,estonge,,2022-08-08T17:25:59Z
Case_130,Pass,vmadge,,2022-08-09T00:21:03Z
Case_123,Pending,Sofia,,2022-09-07T10:32:31Z
Case_123,Fail,vfonov,Z-Scale (IS); Small,2022-08-04T13:55:59Z
Case_123,Fail,alexliv,X-Rot (LR); Orbitofrontal/Eyes. Z-Scale (IS); Big,2022-08-05T00:42:48Z
Case_123,Fail,reza,X-Rot (LR); Cerebellum/Tentorium,2022-08-08T00:45:56Z
Case_123,Fail,dandrews.qrater,X-Rot (LR); Cerebellum/Tentorium. Z-Scale (IS); Big,2022-08-08T13:58:44Z
Case_123,Fail,Neda,X-Rot (LR); Orbitofrontal/Eyes,2022-08-07T21:37:24Z
Case_123,Fail,estonge,Z-Scale (IS); Big. Y-Scale (AP); Big; Occipital,2022-08-08T22:03:02Z
Case_123,Fail,vmadge,X-Rot (LR); Cerebellum/Tentorium,2022-08-09T00:14:39Z
Case_56,Fail,Sofia,X-Rot (LR); Cerebellum/Tentorium,2022-08-02T22:53:23Z
Case_56,Fail,vfonov,Z-Scale (IS); Small,2022-08-04T14:19:04Z
Case_56,Fail,alexliv,X-Rot (LR); Orbitofrontal/Eyes. X-Rot (LR); Cerebellum/Tentorium. Z-Scale (IS); Small,2022-08-05T01:12:40Z
Case_56,Fail,dandrews.qrater,X-Rot (LR); Cerebellum/Tentorium,2022-08-06T00:25:24Z
Case_56,Fail,reza,X-Rot (LR); Cerebellum/Tentorium,2022-08-06T21:26:31Z
Case_56,Fail,Neda,X-Rot (LR); Orbitofrontal/Eyes,2022-08-07T22:11:35Z
Case_56,Fail,estonge,X-Rot (LR); Cerebellum/Tentorium,2022-08-08T17:51:14Z
Case_56,Fail,vmadge,X-Rot (LR); Orbitofrontal/Eyes. X-Rot (LR); Cerebellum/Tentorium. Y-Scale (AP); Big; Occipital,2022-08-12T22:45:09Z
Case_22,Pending,Sofia,,2022-09-07T10:35:52Z
Case_22,Pass,vfonov,,2022-08-04T14:10:49Z
Case_22,Pass,alexliv,Z-Scale (IS); Small,2022-08-05T01:04:48Z
Case_22,Fail,reza,Z-Scale (IS); Big,2022-08-08T02:48:07Z
Case_22,Pass,dandrews.qrater,,2022-08-06T00:10:50Z
Case_22,Fail,Neda,Z-Scale (IS); Big,2022-08-15T03:56:14Z
Case_22,Pass,estonge,,2022-08-08T17:32:29Z
Case_22,Pass,vmadge,,2022-08-12T22:22:53Z
Case_65,Fail,Sofia,X-Scale (LR); Small. Y-Scale (AP); Small; Occipital. Z-Scale (IS); Small,2022-08-02T22:42:46Z
Case_65,Fail,vfonov,X-Scale (LR); Small. Y-Scale (AP); Small; Occipital. Z-Scale (IS); Small,2022-08-04T14:20:34Z
Case_65,Fail,alexliv,X-Scale (LR); Small. Y-Scale (AP); Small; Occipital. Z-Scale (IS); Small,2022-08-05T01:14:20Z
Case_65,Fail,dandrews.qrater,X-Scale (LR); Small. Y-Scale (AP); Small; Occipital. Z-Scale (IS); Small,2022-08-06T00:31:16Z
Case_65,Fail,reza,X-Scale (LR); Small. Y-Scale (AP); Small; Occipital. Z-Scale (IS); Small,2022-08-06T21:29:55Z
Case_65,Fail,Neda,,2022-08-07T22:14:55Z
Case_65,Fail,estonge,X-Scale (LR); Small. Y-Scale (AP); Small; Occipital. Z-Scale (IS); Small,2022-08-08T17:54:11Z
Case_65,Fail,vmadge,X-Rot (LR); Orbitofrontal/Eyes. X-Rot (LR); Cerebellum/Tentorium. X-Scale (LR); Small. Y-Scale (AP); Small; Occipital. Z-Scale (IS); Small,2022-08-12T22:49:20Z
Case_94,Pending,Sofia,,2022-09-07T10:40:55Z
Case_94,Pass,vfonov,,2022-08-04T14:26:57Z
Case_94,Pass,alexliv,,2022-08-05T01:20:38Z
Case_94,Pass,dandrews.qrater,,2022-08-06T00:42:34Z
Case_94,Pass,reza,,2022-08-06T21:40:41Z
Case_94,Fail,Neda,X-Rot (LR); Cerebellum/Tentorium,2022-08-15T03:55:01Z
Case_94,Pass,estonge,,2022-08-08T18:11:41Z
Case_94,Pass,vmadge,Y-Scale (AP); Big; Occipital,2022-08-12T23:02:40Z
Case_101,Fail,alexliv,Y-Scale (AP); Small; Occipital. Z-Scale (IS); Small,2022-08-01T19:34:58Z
Case_101,Pending,Sofia,,2022-09-07T10:29:53Z
Case_101,Fail,vfonov,X-Scale (LR); Small. Y-Scale (AP); Small; Occipital. Z-Scale (IS); Small,2022-08-04T13:49:01Z
Case_101,Fail,dandrews.qrater,X-Scale (LR); Small. Z-Scale (IS); Small,2022-08-05T17:26:15Z
Case_101,Fail,reza,Z-Scale (IS); Small,2022-08-05T21:43:03Z
Case_101,Fail,Neda,,2022-08-07T21:20:02Z
Case_101,Fail,estonge,Y-Scale (AP); Small; Occipital. Z-Scale (IS); Small,2022-08-08T16:11:08Z
Case_101,Fail,vmadge,X-Scale (LR); Small. Y-Scale (AP); Small; Occipital. Z-Scale (IS); Small,2022-08-08T23:52:57Z
Case_10,Pass,alexliv,,2022-08-01T19:33:19Z
Case_10,Pending,Sofia,Y-Scale (AP); Small; Occipital,2022-09-07T18:17:48Z
Case_10,Fail,vfonov,Y-Scale (AP); Small; Occipital,2022-08-04T13:48:16Z
Case_10,Fail,dandrews.qrater,Y-Scale (AP); Small; Occipital,2022-08-05T17:24:39Z
Case_10,Fail,reza,Y-Scale (AP); Small; Occipital,2022-08-08T00:21:12Z
Case_10,Fail,Neda,,2022-08-07T22:29:01Z
Case_10,Fail,estonge,X-Rot (LR); Orbitofrontal/Eyes. Y-Scale (AP); Small; Occipital,2022-08-08T16:10:43Z
Case_10,Fail,vmadge,X-Rot (LR); Cerebellum/Tentorium. X-Scale (LR); Small. Y-Scale (AP); Small; Occipital,2022-08-08T23:51:52Z
Case_136,Pending,Sofia,,2022-09-07T10:33:36Z
Case_136,Fail,vfonov,Z-Scale (IS); Big,2022-08-04T14:07:16Z
Case_136,Pass,alexliv,X-Rot (LR); Orbitofrontal/Eyes,2022-08-05T00:48:18Z
Case_136,Fail,reza,X-Rot (LR); Cerebellum/Tentorium,2022-08-08T02:43:29Z
Case_136,Pass,dandrews.qrater,,2022-08-05T23:41:53Z
Case_136,Fail,Neda,X-Rot (LR); Cerebellum/Tentorium. Z-Scale (IS); Big,2022-08-15T03:44:20Z
Case_136,Pass,estonge,,2022-08-08T17:27:17Z
Case_136,Pass,vmadge,X-Rot (LR); Cerebellum/Tentorium,2022-08-09T00:22:59Z
Case_33,Pending,Sofia,,2022-09-07T10:36:44Z
Case_33,Fail,vfonov,Z-Scale (IS); Big,2022-08-04T14:14:28Z
Case_33,Pass,alexliv,,2022-08-05T01:08:28Z
Case_33,Pass,dandrews.qrater,X-Rot (LR); Cerebellum/Tentorium,2022-08-06T00:17:52Z
Case_33,Fail,reza,Cerebellum!. X-Rot (LR); Cerebellum/Tentorium,2022-08-08T02:49:40Z
Case_33,Pass,Neda,Z-Scale (IS); Big,2022-08-08T04:41:50Z
Case_33,Pass,estonge,,2022-08-08T17:36:04Z
Case_33,Pass,vmadge,X-Rot (LR); Cerebellum/Tentorium,2022-08-12T22:31:44Z
Case_89,Pass,Sofia,,2022-08-02T22:46:58Z
Case_89,Pass,vfonov,,2022-08-04T14:26:05Z
Case_89,Pass,alexliv,,2022-08-05T01:19:27Z
Case_89,Pass,dandrews.qrater,X-Rot (LR); Cerebellum/Tentorium,2022-08-06T00:39:59Z
Case_89,Pass,reza,,2022-08-06T21:38:34Z
Case_89,Pass,Neda,,2022-08-07T20:51:59Z
Case_89,Pass,estonge,,2022-08-08T18:06:11Z
Case_89,Pass,vmadge,,2022-08-12T22:59:43Z
Case_28,Pending,Sofia,X-Rot (LR); Orbitofrontal/Eyes,2022-09-07T10:36:29Z
Case_28,Fail,vfonov,X-Rot (LR); Orbitofrontal/Eyes,2022-08-04T14:12:45Z
Case_28,Fail,alexliv,X-Rot (LR); Orbitofrontal/Eyes. Z-Scale (IS); Small,2022-08-05T01:07:15Z
Case_28,Fail,reza,X-Rot (LR); Orbitofrontal/Eyes,2022-08-05T23:40:56Z
Case_28,Fail,dandrews.qrater,X-Rot (LR); Orbitofrontal/Eyes,2022-08-06T00:13:45Z
Case_28,Fail,Neda,X-Rot (LR); Cerebellum/Tentorium,2022-08-07T21:50:36Z
Case_28,Fail,estonge,X-Rot (LR); Orbitofrontal/Eyes,2022-08-08T21:54:03Z
Case_28,Fail,vmadge,X-Rot (LR); Orbitofrontal/Eyes,2022-08-12T22:28:16Z
Case_120,Fail,Sofia,Y-Scale (AP); Big; Frontal,2022-08-02T22:25:16Z
Case_120,Fail,vfonov,Y-Scale (AP); Big; Occipital,2022-08-04T13:55:04Z
Case_120,Fail,alexliv,Y-Scale (AP); Big; Frontal. Z-Scale (IS); Big,2022-08-05T00:37:47Z
Case_120,Fail,reza,Y-Scale (AP); Big; Frontal,2022-08-05T22:42:47Z
Case_120,Fail,dandrews.qrater,y scale small frontal. Y-Scale (AP); Big; Frontal. X-Rot (LR); Cerebellum/Tentorium,2022-08-08T13:57:26Z
Case_120,Fail,Neda,Y-scale (AP); Small; Frontal. Y-Scale (AP); Big; Frontal. Z-Scale (IS); Big,2022-08-07T21:33:51Z
Case_120,Fail,estonge,Y-Scale (AP); Big; Frontal,2022-08-08T19:20:07Z
Case_120,Fail,vmadge,Y-Scale (AP); Big; Occipital. Y-Scale (AP); Big; Frontal. Z-Scale (IS); Big,2022-08-09T00:13:09Z
Case_46,Fail,Sofia,X-Scale (LR); Small. Y-Scale (AP); Small; Occipital. Z-Scale (IS); Small,2022-08-02T22:38:52Z
Case_46,Fail,vfonov,X-Scale (LR); Small. Y-Scale (AP); Small; Occipital. Z-Scale (IS); Small,2022-08-04T14:17:31Z
Case_46,Fail,alexliv,X-Scale (LR); Small. Y-Scale (AP); Small; Occipital. Z-Scale (IS); Small,2022-08-05T01:11:05Z
Case_46,Fail,dandrews.qrater,X-Scale (LR); Small. Y-Scale (AP); Small; Occipital. Z-Scale (IS); Small,2022-08-06T00:23:54Z
Case_46,Fail,reza,X-Scale (LR); Small. Y-Scale (AP); Small; Occipital. Z-Scale (IS); Small,2022-08-06T21:22:05Z
Case_46,Fail,Neda,,2022-08-07T22:07:17Z
Case_46,Fail,estonge,X-Scale (LR); Small. Y-Scale (AP); Small; Occipital. Z-Scale (IS); Small,2022-08-08T17:43:47Z
Case_46,Fail,vmadge,X-Rot (LR); Orbitofrontal/Eyes. X-Rot (LR); Cerebellum/Tentorium. X-Scale (LR); Small. Y-Scale (AP); Small; Occipital. Z-Scale (IS); Small,2022-08-12T22:42:05Z
Case_146,Fail,Sofia,X-Scale (LR); Small. Y-Scale (AP); Small; Occipital,2022-08-02T22:31:15Z
Case_146,Fail,vfonov,,2022-08-04T14:08:24Z
Case_146,Fail,alexliv,X-Scale (LR); Small. Y-Scale (AP); Small; Occipital. Z-Scale (IS); Small,2022-08-05T01:02:02Z
Case_146,Fail,reza,X-Scale (LR); Small. Y-Scale (AP); Small; Occipital,2022-08-05T23:21:17Z
Case_146,Fail,dandrews.qrater,X-Scale (LR); Small,2022-08-08T14:14:21Z
Case_146,Fail,Neda,,2022-08-07T21:45:22Z
Case_146,Fail,estonge,X-Scale (LR); Small,2022-08-08T17:29:28Z
Case_146,Fail,vmadge,,2022-08-12T23:06:50Z
Case_135,Fail,Sofia,Z-Scale (IS); Big,2022-08-02T22:29:11Z
Case_135,Fail,vfonov,X-Rot (LR); Orbitofrontal/Eyes. Z-Scale (IS); Big,2022-08-04T14:05:04Z
Case_135,Fail,alexliv,X-Rot (LR); Orbitofrontal/Eyes. X-Rot (LR); Cerebellum/Tentorium. Y-Scale (AP); Big; Occipital. Y-Scale (AP); Big; Frontal. Z-Scale (IS); Big,2022-08-05T00:47:45Z
Case_135,Fail,reza,Y-Scale (AP); Big; Occipital. Y-Scale (AP); Big; Frontal. Z-Scale (IS); Big,2022-08-05T23:13:43Z
Case_135,Fail,dandrews.qrater,,2022-08-05T23:41:22Z
Case_135,Fail,Neda,,2022-08-07T21:43:29Z
Case_135,Fail,estonge,,2022-08-08T17:26:34Z
Case_135,Fail,vmadge,X-Rot (LR); Orbitofrontal/Eyes. Y-Scale (AP); Big; Occipital. Y-Scale (AP); Big; Frontal. Z-Scale (IS); Big,2022-08-09T00:22:17Z
Case_29,Fail,Sofia,X-Rot (LR); Orbitofrontal/Eyes. Z-Scale (IS); Small,2022-08-02T22:35:15Z
Case_29,Fail,vfonov,X-Rot (LR); Orbitofrontal/Eyes. Z-Scale (IS); Small,2022-08-04T14:12:56Z
Case_29,Fail,alexliv,X-Rot (LR); Orbitofrontal/Eyes. X-Rot (LR); Cerebellum/Tentorium. Z-Scale (IS); Small,2022-08-05T01:07:32Z
Case_29,Fail,reza,X-Rot (LR); Orbitofrontal/Eyes. X-Rot (LR); Cerebellum/Tentorium,2022-08-05T23:41:34Z
Case_29,Fail,dandrews.qrater,X-Rot (LR); Orbitofrontal/Eyes,2022-08-06T00:13:54Z
Case_29,Fail,Neda,X-Rot (LR); Cerebellum/Tentorium,2022-08-07T21:50:49Z
Case_29,Fail,estonge,X-Rot (LR); Orbitofrontal/Eyes. Z-Scale (IS); Small,2022-08-08T19:21:14Z
Case_29,Fail,vmadge,X-Rot (LR); Orbitofrontal/Eyes. X-Rot (LR); Cerebellum/Tentorium. Z-Scale (IS); Small,2022-08-12T22:28:51Z
Case_132,Fail,Sofia,X-Rot (LR); Orbitofrontal/Eyes. Z-Scale (IS); Big,2022-08-02T22:28:13Z
Case_132,Fail,vfonov,,2022-08-04T14:03:48Z
Case_132,Fail,alexliv,X-Rot (LR); Orbitofrontal/Eyes. Z-Scale (IS); Big,2022-08-05T00:45:49Z
Case_132,Fail,reza,X-Rot (LR); Orbitofrontal/Eyes,2022-08-08T00:51:36Z
Case_132,Fail,dandrews.qrater,,2022-08-05T23:39:17Z
Case_132,Fail,Neda,X-Rot (LR); Cerebellum/Tentorium. Z-Scale (IS); Big,2022-08-07T21:42:53Z
Case_132,Fail,estonge,Z-Scale (IS); Small,2022-08-08T17:26:12Z
Case_132,Fail,vmadge,X-Rot (LR); Orbitofrontal/Eyes. Z-Scale (IS); Big,2022-08-09T00:21:30Z
Case_93,Fail,Sofia,X-Rot (LR); Orbitofrontal/Eyes,2022-08-02T22:47:50Z
Case_93,Fail,vfonov,X-Rot (LR); Orbitofrontal/Eyes,2022-08-04T14:26:45Z
Case_93,Fail,alexliv,X-Rot (LR); Orbitofrontal/Eyes. X-Rot (LR); Cerebellum/Tentorium,2022-08-05T01:20:19Z
Case_93,Fail,dandrews.qrater,X-Rot (LR); Orbitofrontal/Eyes,2022-08-06T00:42:12Z
Case_93,Fail,reza,X-Rot (LR); Orbitofrontal/Eyes,2022-08-06T21:39:36Z
Case_93,Fail,Neda,,2022-08-07T20:51:14Z
Case_93,Fail,estonge,X-Rot (LR); Orbitofrontal/Eyes,2022-08-08T18:11:14Z
Case_93,Fail,vmadge,X-Rot (LR); Orbitofrontal/Eyes,2022-08-12T23:01:49Z
Case_67,Pending,Sofia,,2022-09-07T10:38:41Z
Case_67,Fail,vfonov,Z-Scale (IS); Big,2022-08-04T14:20:47Z
Case_67,Pass,alexliv,Z-Scale (IS); Big,2022-08-05T01:14:46Z
Case_67,Pass,dandrews.qrater,Z-Scale (IS); Big,2022-08-08T15:04:16Z
Case_67,Fail,reza,X-Rot (LR); Cerebellum/Tentorium. X-Rot (LR); Orbitofrontal/Eyes,2022-08-08T01:09:19Z
Case_67,Fail,Neda,Z-Scale (IS); Big,2022-08-15T03:50:24Z
Case_67,Fail,estonge,Z-Scale (IS); Big,2022-08-08T22:03:38Z
Case_67,Fail,vmadge,X-Rot (LR); Orbitofrontal/Eyes. X-Rot (LR); Cerebellum/Tentorium,2022-08-12T22:50:09Z
Case_21,Fail,Sofia,X-Rot (LR); Orbitofrontal/Eyes. X-Rot (LR); Cerebellum/Tentorium,2022-08-02T22:32:54Z
Case_21,Fail,vfonov,X-Rot (LR); Orbitofrontal/Eyes. X-Rot (LR); Cerebellum/Tentorium,2022-08-04T14:10:33Z
Case_21,Fail,alexliv,X-Rot (LR); Cerebellum/Tentorium. Z-Scale (IS); Small,2022-08-05T01:04:36Z
Case_21,Fail,reza,X-Rot (LR); Orbitofrontal/Eyes. Z-Scale (IS); Big,2022-08-05T23:29:30Z
Case_21,Fail,dandrews.qrater,,2022-08-06T00:10:22Z
Case_21,Fail,Neda,X-Rot (LR); Cerebellum/Tentorium,2022-08-07T21:48:10Z
Case_21,Fail,estonge,X-Rot (LR); Orbitofrontal/Eyes,2022-08-08T17:31:37Z
Case_21,Fail,vmadge,X-Rot (LR); Orbitofrontal/Eyes. X-Rot (LR); Cerebellum/Tentorium. X-Scale (LR); Small,2022-08-12T22:20:32Z
Case_75,Pending,Sofia,,2022-09-07T10:39:26Z
Case_75,Fail,vfonov,Z-Scale (IS); Small,2022-08-04T14:22:46Z
Case_75,Fail,alexliv,Z-Scale (IS); Small,2022-08-05T01:16:53Z
Case_75,Pass,dandrews.qrater,Z-Scale (IS); Small,2022-08-08T15:08:04Z
Case_75,Fail,reza,Z-Scale (IS); Small,2022-08-08T01:11:14Z
Case_75,Fail,Neda,,2022-08-07T22:25:54Z
Case_75,Fail,estonge,Z-Scale (IS); Small,2022-08-08T21:57:11Z
Case_75,Fail,vmadge,X-Rot (LR); Cerebellum/Tentorium. Z-Scale (IS); Small,2022-08-12T22:54:49Z
Case_140,Pending,Sofia,,2022-09-07T10:34:09Z
Case_140,Pass,vfonov,,2022-08-04T14:08:02Z
Case_140,Pass,alexliv,,2022-08-05T01:01:20Z
Case_140,Fail,reza,X-Rot (LR); Cerebellum/Tentorium,2022-08-08T00:53:31Z
Case_140,Pass,dandrews.qrater,,2022-08-05T23:44:39Z
Case_140,Fail,Neda,Z-Scale (IS); Big,2022-08-07T21:45:02Z
Case_140,Pass,estonge,,2022-08-08T17:28:25Z
Case_140,Pass,vmadge,X-Rot (LR); Cerebellum/Tentorium,2022-08-09T00:26:43Z
Case_35,Pending,Sofia,,2022-09-07T10:36:52Z
Case_35,Fail,vfonov,Z-Scale (IS); Big,2022-08-04T14:15:08Z
Case_35,Pass,alexliv,X-Rot (LR); Cerebellum/Tentorium,2022-08-05T01:09:09Z
Case_35,Pass,dandrews.qrater,Z-Scale (IS); Big,2022-08-08T14:25:56Z
Case_35,Fail,reza,Z-Scale (IS); Big. X-Rot (LR); Cerebellum/Tentorium,2022-08-08T00:59:10Z
Case_35,Fail,Neda,Z-Scale (IS); Big,2022-08-08T04:40:01Z
Case_35,Pass,estonge,,2022-08-08T17:36:31Z
Case_35,Pass,vmadge,X-Rot (LR); Cerebellum/Tentorium,2022-08-12T22:35:04Z
Case_48,Fail,Sofia,X-Rot (LR); Orbitofrontal/Eyes,2022-08-02T22:39:26Z
Case_48,Fail,vfonov,Z-Scale (IS); Small,2022-08-04T14:18:18Z
Case_48,Fail,alexliv,X-Rot (LR); Orbitofrontal/Eyes. X-Rot (LR); Cerebellum/Tentorium,2022-08-05T01:11:36Z
Case_48,Fail,dandrews.qrater,X-Rot (LR); Orbitofrontal/Eyes,2022-08-06T00:24:28Z
Case_48,Fail,reza,X-Rot (LR); Orbitofrontal/Eyes,2022-08-08T01:00:57Z
Case_48,Fail,Neda,X-Rot (LR); Orbitofrontal/Eyes. X-Rot (LR); Cerebellum/Tentorium,2022-08-07T22:08:02Z
Case_48,Fail,estonge,X-Rot (LR); Orbitofrontal/Eyes,2022-08-08T17:48:37Z
Case_48,Fail,vmadge,X-Rot (LR); Orbitofrontal/Eyes. X-Rot (LR); Cerebellum/Tentorium,2022-08-12T22:42:49Z
Case_116,Pending,Sofia,X-Rot (LR); Orbitofrontal/Eyes. Z-Scale (IS); Small,2022-09-07T10:31:45Z
Case_116,Fail,vfonov,Z-Scale (IS); Small,2022-08-04T13:53:59Z
Case_116,Fail,alexliv,Y-Scale (AP); Big; Occipital. Z-Scale (IS); Small,2022-08-05T00:36:25Z
Case_116,Fail,dandrews.qrater,X-Rot (LR); Orbitofrontal/Eyes,2022-08-08T13:38:24Z
Case_116,Fail,reza,X-Rot (LR); Orbitofrontal/Eyes,2022-08-08T00:37:28Z
Case_116,Fail,Neda,Y-Scale (AP); Big; Occipital. Z-Scale (IS); Small,2022-08-07T21:26:46Z
Case_116,Fail,estonge,Z-Scale (IS); Small,2022-08-08T17:19:46Z
Case_116,Fail,vmadge,X-Rot (LR); Orbitofrontal/Eyes. X-Rot (LR); Cerebellum/Tentorium. Y-Scale (AP); Big; Occipital,2022-08-09T00:11:22Z
Case_43,Fail,Sofia,X-Rot (LR); Cerebellum/Tentorium,2022-08-02T22:52:59Z
Case_43,Fail,vfonov,,2022-08-04T14:16:02Z
Case_43,Fail,alexliv,X-Rot (LR); Cerebellum/Tentorium,2022-08-05T01:10:42Z
Case_43,Fail,dandrews.qrater,X-Rot (LR); Cerebellum/Tentorium,2022-08-06T00:23:05Z
Case_43,Fail,reza,X-Rot (LR); Cerebellum/Tentorium,2022-08-08T01:00:01Z
Case_43,Fail,Neda,,2022-08-07T22:30:02Z
Case_43,Fail,estonge,Z-Scale (IS); Big,2022-08-08T17:41:51Z
Case_43,Fail,vmadge,X-Rot (LR); Orbitofrontal/Eyes. X-Rot (LR); Cerebellum/Tentorium,2022-08-12T22:40:42Z
Case_74,Pass,Sofia,,2022-08-02T22:44:33Z
Case_74,Pass,vfonov,,2022-08-04T14:22:38Z
Case_74,Pass,alexliv,,2022-08-05T01:16:39Z
Case_74,Pass,dandrews.qrater,,2022-08-06T00:34:39Z
Case_74,Pass,reza,,2022-08-06T21:34:59Z
Case_74,Pass,Neda,,2022-08-07T22:25:23Z
Case_74,Pass,estonge,,2022-08-08T18:00:57Z
Case_74,Pass,vmadge,,2022-08-12T22:54:07Z
Case_58,Pass,Sofia,,2022-08-02T22:41:44Z
Case_58,Pass,vfonov,,2022-08-04T14:19:40Z
Case_58,Pass,alexliv,,2022-08-05T01:12:50Z
Case_58,Pass,dandrews.qrater,Y-Scale (AP); Big; Occipital,2022-08-08T14:57:50Z
Case_58,Pass,reza,,2022-08-06T21:26:52Z
Case_58,Pass,Neda,,2022-08-07T22:13:25Z
Case_58,Pass,estonge,,2022-08-08T17:51:34Z
Case_58,Pass,vmadge,,2022-08-12T22:45:39Z
Case_122,Pending,Sofia,,2022-09-07T10:32:19Z
Case_122,Fail,vfonov,Z-Scale (IS); Big,2022-08-04T13:55:49Z
Case_122,Pass,alexliv,,2022-08-05T00:38:29Z
Case_122,Fail,reza,X-Rot (LR); Cerebellum/Tentorium,2022-08-08T00:43:57Z
Case_122,Pass,dandrews.qrater,Z-Scale (IS); Small,2022-08-05T23:25:42Z
Case_122,Fail,Neda,Z-Scale (IS); Big,2022-08-08T04:49:57Z
Case_122,Pass,estonge,,2022-08-08T17:22:11Z
Case_122,Fail,vmadge,X-Rot (LR); Orbitofrontal/Eyes,2022-08-09T00:13:53Z
Case_63,Pending,Sofia,,2022-09-07T10:38:26Z
Case_63,Fail,vfonov,Y-Scale (AP); Big; Frontal,2022-08-04T14:20:28Z
Case_63,Pass,alexliv,Y-Scale (AP); Big; Occipital,2022-08-05T01:14:11Z
Case_63,Pass,dandrews.qrater,Y-Scale (AP); Big; Occipital,2022-08-06T00:30:46Z
Case_63,Fail,reza,Y-Scale (AP); Big; Occipital,2022-08-08T02:53:02Z
Case_63,Fail,Neda,X-Rot (LR); Orbitofrontal/Eyes,2022-08-07T22:14:49Z
Case_63,Pass,estonge,Y-Scale (AP); Big; Occipital,2022-08-08T21:55:25Z
Case_63,Fail,vmadge,X-Rot (LR); Orbitofrontal/Eyes. Y-Scale (AP); Big; Occipital,2022-08-12T22:48:43Z
Case_106,Pending,Sofia,,2022-09-07T10:30:52Z
Case_106,Fail,vfonov,,2022-08-04T13:50:32Z
Case_106,Pass,alexliv,Z-Scale (IS); Small,2022-08-05T00:25:17Z
Case_106,Fail,dandrews.qrater,off center on coronal view LR axis. Z-Scale (IS); Small. X-Scale (LR); Small. Y-Scale (AP); Small; Occipital,2022-08-05T18:55:36Z
Case_106,Fail,reza,Z-Scale (IS); Small,2022-08-05T21:47:14Z
Case_106,Fail,Neda,Z-Scale (IS); Small,2022-08-07T21:22:24Z
Case_106,Fail,estonge,shear. Z-Scale (IS); Small,2022-08-08T21:40:33Z
Case_106,Fail,vmadge,Y-Scale (AP); Big; Occipital. Z-Scale (IS); Small,2022-08-09T00:00:33Z
Case_68,Fail,Sofia,X-Rot (LR); Orbitofrontal/Eyes,2022-08-02T22:43:14Z
Case_68,Fail,vfonov,X-Rot (LR); Orbitofrontal/Eyes,2022-08-04T14:20:54Z
Case_68,Fail,alexliv,X-Rot (LR); Orbitofrontal/Eyes,2022-08-05T01:15:09Z
Case_68,Fail,dandrews.qrater,X-Rot (LR); Orbitofrontal/Eyes,2022-08-06T00:31:56Z
Case_68,Fail,reza,X-Rot (LR); Orbitofrontal/Eyes,2022-08-06T21:43:23Z
Case_68,Fail,Neda,X-Rot (LR); Cerebellum/Tentorium,2022-08-07T22:15:25Z
Case_68,Fail,estonge,X-Rot (LR); Orbitofrontal/Eyes,2022-08-08T17:54:38Z
Case_68,Fail,vmadge,X-Rot (LR); Orbitofrontal/Eyes. Y-Scale (AP); Big; Frontal,2022-08-12T22:50:39Z
Case_87,Fail,Sofia,X-Rot (LR); Orbitofrontal/Eyes. X-Rot (LR); Cerebellum/Tentorium,2022-08-02T22:46:33Z
Case_87,Fail,vfonov,x-scale big . Z-Scale (IS); Small,2022-08-04T14:25:35Z
Case_87,Fail,alexliv,X-Rot (LR); Orbitofrontal/Eyes. X-Rot (LR); Cerebellum/Tentorium,2022-08-05T01:19:02Z
Case_87,Fail,dandrews.qrater,X-Rot (LR); Cerebellum/Tentorium,2022-08-06T00:39:11Z
Case_87,Fail,reza,X-Rot (LR); Orbitofrontal/Eyes. X-Rot (LR); Cerebellum/Tentorium. Z-Scale (IS); Small,2022-08-06T21:37:50Z
Case_87,Fail,Neda,,2022-08-07T20:52:23Z
Case_87,Fail,estonge,X-Rot (LR); Orbitofrontal/Eyes. Z-Scale (IS); Small,2022-08-08T18:05:30Z
Case_87,Fail,vmadge,X-Rot (LR); Orbitofrontal/Eyes. X-Rot (LR); Cerebellum/Tentorium,2022-08-12T22:58:54Z
Case_5,Fail,Sofia,X-Rot (LR); Cerebellum/Tentorium. Y-Scale (AP); Big; Frontal,2022-08-02T22:39:52Z
Case_5,Fail,vfonov,X-Rot (LR); Orbitofrontal/Eyes,2022-08-04T14:18:31Z
Case_5,Fail,alexliv,X-Rot (LR); Orbitofrontal/Eyes. X-Rot (LR); Cerebellum/Tentorium,2022-08-05T01:11:51Z
Case_5,Fail,dandrews.qrater,Y-Scale (AP); Small; Occipital. X-Scale (LR); Small,2022-08-08T14:56:29Z
Case_5,Fail,reza,X-Scale (LR); Small,2022-08-08T01:05:28Z
Case_5,Fail,Neda,,2022-08-07T22:08:21Z
Case_5,Fail,estonge,X-Rot (LR); Cerebellum/Tentorium. Y-Scale (AP); Small; Occipital,2022-08-08T17:49:48Z
Case_5,Fail,vmadge,X-Rot (LR); Cerebellum/Tentorium. Y-Scale (AP); Small; Occipital,2022-08-12T22:43:27Z
Case_18,Fail,Sofia,X-Rot (LR); Cerebellum/Tentorium,2022-08-02T22:31:58Z
Case_18,Fail,vfonov,Z-Scale (IS); Small,2022-08-04T14:09:32Z
Case_18,Fail,alexliv,X-Rot (LR); Cerebellum/Tentorium. X-Scale (LR); Small. Z-Scale (IS); Small,2022-08-05T01:03:41Z
Case_18,Fail,reza,X-Rot (LR); Cerebellum/Tentorium,2022-08-08T00:56:04Z
Case_18,Fail,dandrews.qrater,Z-Scale (IS); Small,2022-08-06T00:09:46Z
Case_18,Fail,Neda,Z-Scale (IS); Small,2022-08-07T21:46:54Z
Case_18,Fail,estonge,X-Rot (LR); Cerebellum/Tentorium,2022-08-08T17:30:28Z
Case_18,Fail,vmadge,Z-Scale (IS); Small,2022-08-12T22:18:17Z
Case_99,Fail,Sofia,X-Scale (LR); Small. Y-Scale (AP); Small; Occipital. Z-Scale (IS); Small,2022-08-02T22:48:30Z
Case_99,Fail,vfonov,X-Scale (LR); Small. Y-Scale (AP); Small; Occipital. Z-Scale (IS); Small,2022-08-04T14:27:24Z
Case_99,Fail,alexliv,X-Rot (LR); Orbitofrontal/Eyes. X-Rot (LR); Cerebellum/Tentorium. X-Scale (LR); Small. Y-Scale (AP); Small; Occipital. Z-Scale (IS); Small,2022-08-05T01:21:36Z
Case_99,Fail,dandrews.qrater,X-Scale (LR); Small. Y-Scale (AP); Small; Occipital. Z-Scale (IS); Small,2022-08-08T15:13:34Z
Case_99,Fail,reza,X-Rot (LR); Orbitofrontal/Eyes. X-Rot (LR); Cerebellum/Tentorium. X-Scale (LR); Small. Y-Scale (AP); Small; Occipital. Z-Scale (IS); Small,2022-08-06T21:42:39Z
Case_99,Fail,Neda,,2022-08-07T20:49:47Z
Case_99,Fail,estonge,X-Scale (LR); Small. Y-Scale (AP); Small; Occipital. Z-Scale (IS); Small,2022-08-08T18:15:05Z
Case_99,Fail,vmadge,X-Rot (LR); Orbitofrontal/Eyes. X-Rot (LR); Cerebellum/Tentorium. X-Scale (LR); Small. Y-Scale (AP); Small; Occipital. Z-Scale (IS); Small,2022-08-12T23:03:35Z
Case_119,Fail,Sofia,X-Rot (LR); Orbitofrontal/Eyes. Y-Scale (AP); Small; Occipital. Z-Scale (IS); Small,2022-08-02T22:24:15Z
Case_119,Fail,vfonov,X-Rot (LR); Orbitofrontal/Eyes. X-Rot (LR); Cerebellum/Tentorium,2022-08-04T13:54:24Z
Case_119,Fail,alexliv,X-Rot (LR); Orbitofrontal/Eyes. X-Rot (LR); Cerebellum/Tentorium. Y-Scale (AP); Small; Occipital. Z-Scale (IS); Small,2022-08-05T00:37:10Z
Case_119,Fail,reza,X-Rot (LR); Orbitofrontal/Eyes. Z-Scale (IS); Small,2022-08-08T00:38:30Z
Case_119,Fail,dandrews.qrater,,2022-08-05T23:21:21Z
Case_119,Fail,Neda,,2022-08-07T21:31:17Z
Case_119,Fail,estonge,X-Rot (LR); Cerebellum/Tentorium. Y-Scale (AP); Small; Occipital. Z-Scale (IS); Small,2022-08-08T17:21:21Z
Case_119,Fail,vmadge,,2022-08-09T00:12:01Z
Case_38,Fail,Sofia,X-Rot (LR); Orbitofrontal/Eyes,2022-08-02T22:37:08Z
Case_38,Fail,vfonov,X-Rot (LR); Orbitofrontal/Eyes. X-Rot (LR); Cerebellum/Tentorium,2022-08-04T14:15:42Z
Case_38,Fail,alexliv,X-Rot (LR); Orbitofrontal/Eyes. X-Rot (LR); Cerebellum/Tentorium,2022-08-05T01:09:41Z
Case_38,Fail,dandrews.qrater,X-Rot (LR); Orbitofrontal/Eyes,2022-08-06T00:21:18Z
Case_38,Fail,reza,X-Rot (LR); Orbitofrontal/Eyes,2022-08-06T21:19:27Z
Case_38,Fail,Neda,X-Rot (LR); Orbitofrontal/Eyes. X-Rot (LR); Cerebellum/Tentorium,2022-08-07T22:05:35Z
Case_38,Fail,estonge,X-Rot (LR); Orbitofrontal/Eyes,2022-08-08T17:38:19Z
Case_38,Fail,vmadge,X-Rot (LR); Orbitofrontal/Eyes. Y-Scale (AP); Big; Occipital. Y-Scale (AP); Big; Frontal,2022-08-12T22:37:04Z
Case_34,Pending,Sofia,,2022-09-07T10:36:48Z
Case_34,Fail,vfonov,Y-Scale (AP); Big; Occipital,2022-08-04T14:14:59Z
Case_34,Pass,alexliv,,2022-08-05T01:08:53Z
Case_34,Pass,dandrews.qrater,Y-Scale (AP); Big; Occipital,2022-08-08T14:25:11Z
Case_34,Fail,reza,Z-Scale (IS); Small,2022-08-08T02:50:27Z
Case_34,Pass,Neda,,2022-08-08T04:42:24Z
Case_34,Pass,estonge,,2022-08-08T17:36:17Z
Case_34,Fail,vmadge,X-Rot (LR); Orbitofrontal/Eyes,2022-08-12T22:33:23Z
Case_24,Pass,Sofia,,2022-08-02T22:33:57Z
Case_24,Pass,vfonov,,2022-08-04T14:11:20Z
Case_24,Pass,alexliv,,2022-08-05T01:05:33Z
Case_24,Pass,reza,,2022-08-05T23:39:29Z
Case_24,Pass,dandrews.qrater,,2022-08-06T00:12:00Z
Case_24,Pass,Neda,Z-Scale (IS); Big,2022-08-15T03:54:11Z
Case_24,Pass,estonge,,2022-08-08T17:33:09Z
Case_24,Pass,vmadge,X-Rot (LR); Cerebellum/Tentorium,2022-08-12T22:25:00Z
Case_13,Pending,Sofia,,2022-09-07T10:33:15Z
Case_13,Fail,vfonov,,2022-08-04T14:02:58Z
Case_13,Fail,alexliv,X-Rot (LR); Cerebellum/Tentorium. Y-Scale (AP); Small; Occipital,2022-08-05T00:45:11Z
Case_13,Fail,reza,Z-Scale (IS); Small,2022-08-05T23:10:30Z
Case_13,Fail,dandrews.qrater,,2022-08-05T23:37:29Z
Case_13,Fail,Neda,,2022-08-07T21:42:08Z
Case_13,Fail,estonge,Z-Scale (IS); Small,2022-08-08T17:25:42Z
Case_13,Fail,vmadge,X-Rot (LR); Cerebellum/Tentorium,2022-08-09T00:20:09Z
Case_69,Fail,Sofia,X-Rot (LR); Orbitofrontal/Eyes. Z-Scale (IS); Big,2022-08-02T22:43:34Z
Case_69,Fail,vfonov,,2022-08-04T14:21:01Z
Case_69,Fail,alexliv,X-Rot (LR); Orbitofrontal/Eyes. X-Rot (LR); Cerebellum/Tentorium. Z-Scale (IS); Big,2022-08-05T01:15:21Z
Case_69,Fail,dandrews.qrater,X-Rot (LR); Orbitofrontal/Eyes,2022-08-06T00:32:06Z
Case_69,Fail,reza,X-Rot (LR); Orbitofrontal/Eyes,2022-08-06T21:30:57Z
Case_69,Fail,Neda,X-Rot (LR); Orbitofrontal/Eyes. X-Rot (LR); Cerebellum/Tentorium. Z-Scale (IS); Big,2022-08-07T22:18:41Z
Case_69,Fail,estonge,X-Rot (LR); Orbitofrontal/Eyes,2022-08-08T17:54:54Z
Case_69,Fail,vmadge,X-Rot (LR); Orbitofrontal/Eyes. X-Rot (LR); Cerebellum/Tentorium. Z-Scale (IS); Big,2022-08-12T22:51:24Z
Case_7,Pending,Sofia,,2022-09-07T10:39:00Z
Case_7,Fail,vfonov,X-Scale (LR); Small,2022-08-04T14:21:22Z
Case_7,Fail,alexliv,Y-Scale (AP); Small; Occipital. Z-Scale (IS); Small,2022-08-05T01:15:47Z
Case_7,Fail,dandrews.qrater,X-Scale (LR); Small. Y-Scale (AP); Small; Occipital,2022-08-06T00:32:32Z
Case_7,Fail,reza,Y-Scale (AP); Small; Occipital,2022-08-08T03:24:13Z
Case_7,Fail,Neda,,2022-08-07T22:19:25Z
Case_7,Fail,estonge,near. X-Scale (LR); Small. Y-Scale (AP); Small; Occipital,2022-08-08T21:56:18Z
Case_7,Fail,vmadge,X-Rot (LR); Cerebellum/Tentorium. Y-Scale (AP); Small; Occipital,2022-08-12T22:51:59Z
Case_129,Pending,Sofia,Y-Scale (AP); Big; Occipital. Y-Scale (AP); Big; Frontal,2022-09-07T10:32:59Z
Case_129,Fail,vfonov,,2022-08-04T14:02:47Z
Case_129,Fail,alexliv,X-Rot (LR); Cerebellum/Tentorium. Y-Scale (AP); Big; Occipital. Y-Scale (AP); Big; Frontal,2022-08-05T00:44:31Z
Case_129,Fail,reza,Y-Scale (AP); Big; Occipital,2022-08-08T01:19:15Z
Case_129,Pass,dandrews.qrater,X-Rot (LR); Cerebellum/Tentorium. Y-Scale (AP); Big; Occipital,2022-08-08T14:02:42Z
Case_129,Fail,Neda,X-Rot (LR); Orbitofrontal/Eyes. Y-Scale (AP); Big; Frontal,2022-08-07T21:42:03Z
Case_129,Fail,estonge,Y-Scale (AP); Big; Occipital,2022-08-08T17:25:01Z
Case_129,Fail,vmadge,Y-Scale (AP); Big; Occipital. Y-Scale (AP); Big; Frontal,2022-08-09T00:19:27Z
Case_84,Fail,Sofia,,2022-08-02T22:46:09Z
Case_84,Fail,vfonov,"z-shift,. Z-Scale (IS); Big",2022-08-04T14:24:56Z
Case_84,Fail,alexliv,,2022-08-05T01:18:26Z
Case_84,Fail,dandrews.qrater,total fail,2022-08-06T00:38:45Z
Case_84,Fail,reza,,2022-08-06T21:36:55Z
Case_84,Fail,Neda,,2022-08-07T22:27:39Z
Case_84,Fail,estonge,,2022-08-08T18:04:30Z
Case_84,Fail,vmadge,,2022-08-12T22:57:29Z
Case_133,Fail,Sofia,X-Scale (LR); Small,2022-08-02T22:28:57Z
Case_133,Fail,vfonov,shift & scaling,2022-08-04T14:04:45Z
Case_133,Fail,alexliv,Off-center. Y-Scale (AP); Small; Occipital. Z-Scale (IS); Big,2022-08-05T00:47:24Z
Case_133,Fail,reza,Y-Scale (AP); Big; Frontal. Z-Scale (IS); Big,2022-08-05T23:13:20Z
Case_133,Fail,dandrews.qrater,Y-Scale (AP); Small; Occipital. Y-Scale (AP); Big; Frontal. Z-Scale (IS); Big,2022-08-05T23:41:17Z
Case_133,Fail,Neda,,2022-08-07T21:43:14Z
Case_133,Fail,estonge,,2022-08-08T17:26:30Z
Case_133,Fail,vmadge,,2022-08-09T00:21:47Z
Case_9,Pass,Sofia,,2022-08-02T22:47:08Z
Case_9,Pass,vfonov,,2022-08-04T14:26:14Z
Case_9,Pass,alexliv,,2022-08-05T01:19:41Z
Case_9,Pass,dandrews.qrater,LR big. Z-Scale (IS); Big,2022-08-06T00:40:44Z
Case_9,Pass,reza,,2022-08-06T21:38:45Z
Case_9,Pass,Neda,,2022-08-07T20:51:46Z
Case_9,Pass,estonge,,2022-08-08T18:06:56Z
Case_9,Pass,vmadge,Y-Scale (AP); Big; Occipital,2022-08-12T23:00:36Z
Case_32,Fail,Sofia,X-Scale (LR); Small. Z-Scale (IS); Small,2022-08-02T22:35:56Z
Case_32,Fail,vfonov,X-Rot (LR); Orbitofrontal/Eyes. X-Scale (LR); Small,2022-08-04T14:14:12Z
Case_32,Fail,alexliv,X-Rot (LR); Orbitofrontal/Eyes. Z-Scale (IS); Small,2022-08-05T01:08:07Z
Case_32,Fail,dandrews.qrater,X-Rot (LR); Orbitofrontal/Eyes,2022-08-06T00:16:56Z
Case_32,Fail,reza,X-Rot (LR); Orbitofrontal/Eyes. X-Scale (LR); Small. Y-Scale (AP); Small; Occipital. Z-Scale (IS); Small,2022-08-06T00:26:27Z
Case_32,Fail,Neda,X-Rot (LR); Cerebellum/Tentorium,2022-08-07T21:51:34Z
Case_32,Fail,estonge,X-Scale (LR); Small. Z-Scale (IS); Small,2022-08-08T17:35:35Z
Case_32,Fail,vmadge,X-Rot (LR); Orbitofrontal/Eyes. X-Rot (LR); Cerebellum/Tentorium. X-Scale (LR); Small. Y-Scale (AP); Small; Occipital,2022-08-12T22:30:43Z
Case_80,Pending,Sofia,,2022-09-07T10:39:54Z
Case_80,Pass,vfonov,,2022-08-04T14:23:39Z
Case_80,Pass,alexliv,,2022-08-05T01:18:03Z
Case_80,Pass,dandrews.qrater,Y-Scale (AP); Big; Frontal. Z-Scale (IS); Big,2022-08-08T15:10:18Z
Case_80,Fail,reza,Z-Scale (IS); Big,2022-08-08T01:13:46Z
Case_80,Fail,Neda,Z-Scale (IS); Big,2022-08-15T03:54:27Z
Case_80,Pass,estonge,near,2022-08-08T19:21:44Z
Case_80,Pass,vmadge,Y-Scale (AP); Big; Frontal,2022-08-12T22:56:46Z
Case_4,Pending,Sofia,,2022-09-07T10:37:25Z
Case_4,Pass,vfonov,,2022-08-04T14:15:57Z
Case_4,Fail,alexliv,Y-Scale (AP); Big; Occipital,2022-08-05T01:10:23Z
Case_4,Pass,dandrews.qrater,Y-Scale (AP); Big; Occipital,2022-08-08T14:29:04Z
Case_4,Pass,reza,,2022-08-06T21:20:25Z
Case_4,Pass,Neda,,2022-08-08T04:39:29Z
Case_4,Pass,estonge,,2022-08-08T17:38:43Z
Case_4,Pass,vmadge,Y-Scale (AP); Big; Occipital,2022-08-12T22:39:26Z
Case_1,Fail,alexliv,Y-Scale (AP); Big; Occipital. X-Rot (LR); Orbitofrontal/Eyes. X-Rot (LR); Cerebellum/Tentorium,2022-08-05T01:21:49Z
Case_1,Fail,Sofia,X-Rot (LR); Orbitofrontal/Eyes. Y-Scale (AP); Small; Occipital,2022-08-02T22:16:54Z
Case_1,Fail,vfonov,X-Rot (LR); Orbitofrontal/Eyes. X-Rot (LR); Cerebellum/Tentorium,2022-08-04T13:47:15Z
Case_1,Fail,dandrews.qrater,Z-Scale (IS); Big,2022-08-06T00:17:21Z
Case_1,Fail,reza,X-Rot (LR); Orbitofrontal/Eyes. X-Rot (LR); Cerebellum/Tentorium. Z-Scale (IS); Big,2022-08-05T21:41:45Z
Case_1,Fail,Neda,X-Rot (LR); Cerebellum/Tentorium,2022-08-07T22:28:52Z
Case_1,Fail,estonge,X-Rot (LR); Orbitofrontal/Eyes,2022-08-08T16:04:44Z
Case_1,Fail,vmadge,X-Rot (LR); Orbitofrontal/Eyes. X-Rot (LR); Cerebellum/Tentorium. Y-Scale (AP); Small; Occipital,2022-08-08T23:50:04Z
Case_47,Fail,Sofia,X-Rot (LR); Orbitofrontal/Eyes. X-Rot (LR); Cerebellum/Tentorium. Y-Scale (AP); Big; Occipital,2022-08-02T22:53:07Z
Case_47,Fail,vfonov,Y-Scale (AP); Big; Frontal,2022-08-04T14:17:50Z
Case_47,Fail,alexliv,X-Rot (LR); Orbitofrontal/Eyes. X-Rot (LR); Cerebellum/Tentorium. Y-Scale (AP); Big; Occipital,2022-08-05T01:11:23Z
Case_47,Fail,dandrews.qrater,X-Rot (LR); Orbitofrontal/Eyes. X-Rot (LR); Cerebellum/Tentorium. Y-Scale (AP); Big; Occipital,2022-08-06T00:24:13Z
Case_47,Fail,reza,Y-Scale (AP); Big; Occipital,2022-08-08T01:00:39Z
Case_47,Fail,Neda,Y-Scale (AP); Small; Occipital,2022-08-07T22:07:45Z
Case_47,Fail,estonge,Y-Scale (AP); Big; Occipital,2022-08-08T17:44:04Z
Case_47,Fail,vmadge,X-Rot (LR); Orbitofrontal/Eyes. X-Rot (LR); Cerebellum/Tentorium. Y-Scale (AP); Big; Occipital,2022-08-12T22:42:26Z
Case_14,Pending,Sofia,,2022-09-07T10:34:04Z
Case_14,Pass,vfonov,,2022-08-04T14:07:51Z
Case_14,Pass,alexliv,Z-Scale (IS); Big,2022-08-05T01:00:46Z
Case_14,Fail,reza,Z-Scale (IS); Big,2022-08-08T02:47:43Z
Case_14,Pass,dandrews.qrater,,2022-08-05T23:42:58Z
Case_14,Fail,Neda,Y-Scale (AP); Big; Occipital,2022-08-15T03:47:01Z
Case_14,Pass,estonge,,2022-08-08T17:28:08Z
Case_14,Pass,vmadge,Y-Scale (AP); Big; Occipital,2022-08-09T00:24:23Z
Case_111,Pending,Sofia,,2022-09-07T10:31:15Z
Case_111,Fail,vfonov,Y-Scale (AP); Big; Frontal,2022-08-04T13:52:10Z
Case_111,Fail,alexliv,X-Rot (LR); Orbitofrontal/Eyes. Y-Scale (AP); Big; Occipital,2022-08-05T00:33:39Z
Case_111,Pass,dandrews.qrater,Y-Scale (AP); Big; Occipital,2022-08-08T13:37:06Z
Case_111,Fail,reza,,2022-08-08T01:17:59Z
Case_111,Fail,Neda,Y-Scale (AP); Big; Occipital,2022-08-07T21:24:06Z
Case_111,Fail,estonge,X Big. Z-Scale (IS); Big,2022-08-08T17:01:30Z
Case_111,Pass,vmadge,Y-Scale (AP); Big; Occipital,2022-08-09T00:05:02Z
Case_124,Pending,Sofia,,2022-09-07T10:32:37Z
Case_124,Fail,vfonov,Z-Scale (IS); Big,2022-08-04T14:01:35Z
Case_124,Fail,alexliv,X-Rot (LR); Orbitofrontal/Eyes. Z-Scale (IS); Small,2022-08-05T00:43:08Z
Case_124,Fail,reza,I really don't know what to do with this one. Cerebellum is torturing me.. X-Rot (LR); Cerebellum/Tentorium,2022-08-08T02:39:58Z
Case_124,Pass,dandrews.qrater,,2022-08-05T23:27:25Z
Case_124,Fail,Neda,Z-Scale (IS); Big,2022-08-08T04:50:31Z
Case_124,Pass,estonge,,2022-08-08T17:23:52Z
Case_124,Pass,vmadge,X-Rot (LR); Cerebellum/Tentorium,2022-08-09T00:15:46Z
Case_59,Fail,Sofia,X-Rot (LR); Cerebellum/Tentorium,2022-08-02T22:42:00Z
Case_59,Fail,vfonov,Z-Scale (IS); Small,2022-08-04T14:19:46Z
Case_59,Fail,alexliv,X-Rot (LR); Cerebellum/Tentorium,2022-08-05T01:13:06Z
Case_59,Fail,dandrews.qrater,X-Rot (LR); Cerebellum/Tentorium,2022-08-06T00:30:07Z
Case_59,Fail,reza,X-Rot (LR); Cerebellum/Tentorium,2022-08-06T21:27:03Z
Case_59,Fail,Neda,Z-Scale (IS); Small,2022-08-07T22:13:33Z
Case_59,Fail,estonge,Z-Scale (IS); Small,2022-08-08T17:51:53Z
Case_59,Fail,vmadge,X-Rot (LR); Orbitofrontal/Eyes. X-Rot (LR); Cerebellum/Tentorium. Y-Scale (AP); Big; Occipital,2022-08-12T22:46:27Z
Case_6,Fail,Sofia,X-Rot (LR); Orbitofrontal/Eyes. X-Rot (LR); Cerebellum/Tentorium,2022-08-02T22:42:11Z
Case_6,Fail,vfonov,Z-Scale (IS); Big,2022-08-04T14:19:53Z
Case_6,Fail,alexliv,X-Rot (LR); Orbitofrontal/Eyes. X-Rot (LR); Cerebellum/Tentorium,2022-08-05T01:13:26Z
Case_6,Fail,dandrews.qrater,X-Rot (LR); Orbitofrontal/Eyes,2022-08-06T00:30:17Z
Case_6,Fail,reza,X-Rot (LR); Orbitofrontal/Eyes,2022-08-06T21:29:20Z
Case_6,Fail,Neda,X-Rot (LR); Orbitofrontal/Eyes. X-Rot (LR); Cerebellum/Tentorium,2022-08-07T22:13:46Z
Case_6,Fail,estonge,X-Rot (LR); Orbitofrontal/Eyes. Y-Scale (AP); Small; Occipital. Z-Scale (IS); Small,2022-08-08T17:52:16Z
Case_6,Fail,vmadge,X-Rot (LR); Orbitofrontal/Eyes. X-Rot (LR); Cerebellum/Tentorium. Y-Scale (AP); Big; Frontal,2022-08-12T22:47:36Z
