Case_127,Sofia,Pass,,2022-08-02T22:26:25Z
Case_127,vfonov,Pass,,2022-08-04T14:02:20Z
Case_127,alexliv,Fail,X-Rot (LR); Orbitofrontal/Eyes. X-Rot (LR); Cerebellum/Tentorium,2022-08-05T00:43:29Z
Case_127,reza,Fail,X-Rot (LR); Orbitofrontal/Eyes,2022-08-05T23:06:21Z
Case_127,dandrews.qrater,Fail,,2022-08-05T23:29:22Z
Case_127,Neda,Warning,Z-Scale (IS); Small,2022-08-07T21:39:56Z
Case_127,estonge,Pass,,2022-08-08T17:24:15Z
Case_127,vmadge,Fail,X-Rot (LR); Orbitofrontal/Eyes,2022-08-09T00:16:46Z
Case_27,Sofia,Pass,,2022-08-02T22:34:42Z
Case_27,vfonov,Fail,Y-Scale (AP); Big; Frontal,2022-08-04T14:12:06Z
Case_27,alexliv,Pass,X-Rot (LR); Orbitofrontal/Eyes,2022-08-05T01:06:34Z
Case_27,reza,Pass,Z-Scale (IS); Big,2022-08-05T23:40:20Z
Case_27,reza,Warning,Z-Scale (IS); Big,2022-08-08T00:57:47Z
Case_27,dandrews.qrater,Pass,X-Rot (LR); Cerebellum/Tentorium,2022-08-06T00:12:44Z
Case_27,Neda,Warning,Z-Scale (IS); Big,2022-08-07T21:49:57Z
Case_27,estonge,Pass,,2022-08-08T17:34:00Z
Case_27,vmadge,Pass,X-Rot (LR); Cerebellum/Tentorium,2022-08-12T22:26:21Z
Case_104,Sofia,Fail,X-Rot (LR); Orbitofrontal/Eyes,2022-08-02T22:19:05Z
Case_104,vfonov,Fail,X-Rot (LR); Orbitofrontal/Eyes. X-Rot (LR); Cerebellum/Tentorium,2022-08-04T13:49:50Z
Case_104,alexliv,Fail,X-Rot (LR); Orbitofrontal/Eyes,2022-08-05T00:23:26Z
Case_104,dandrews.qrater,Fail,X-Rot (LR); Orbitofrontal/Eyes,2022-08-05T18:46:49Z
Case_104,reza,Fail,X-Rot (LR); Orbitofrontal/Eyes,2022-08-05T21:45:56Z
Case_104,Neda,Warning,X-Rot (LR); Cerebellum/Tentorium,2022-08-07T21:21:35Z
Case_104,estonge,Warning,X-Rot (LR); Orbitofrontal/Eyes,2022-08-08T16:12:21Z
Case_104,vmadge,Fail,X-Rot (LR); Orbitofrontal/Eyes,2022-08-08T23:56:56Z
Case_20,Sofia,Fail,Z-Scale (IS); Big,2022-08-02T22:32:31Z
Case_20,vfonov,Fail,Z-Scale (IS); Big,2022-08-04T14:10:18Z
Case_20,alexliv,Fail,Z-Scale (IS); Big,2022-08-05T01:04:23Z
Case_20,reza,Fail,Z-Scale (IS); Big,2022-08-05T23:27:56Z
Case_20,dandrews.qrater,Fail,Z-Scale (IS); Big,2022-08-06T00:10:17Z
Case_20,Neda,Fail,,2022-08-07T21:47:33Z
Case_20,estonge,Fail,Z-Scale (IS); Small,2022-08-08T19:20:42Z
Case_20,vmadge,Fail,Z-Scale (IS); Big,2022-08-12T22:19:42Z
Case_95,Sofia,Pass,,2022-08-02T22:48:11Z
Case_95,vfonov,Fail,Z-Scale (IS); Big,2022-08-04T14:27:09Z
Case_95,alexliv,Pass,X-Rot (LR); Cerebellum/Tentorium,2022-08-05T01:21:14Z
Case_95,dandrews.qrater,Fail,X-Rot (LR); Cerebellum/Tentorium,2022-08-06T00:42:46Z
Case_95,dandrews.qrater,Pass,X-Rot (LR); Cerebellum/Tentorium,2022-08-08T15:13:19Z
Case_95,reza,Warning,X-Rot (LR); Cerebellum/Tentorium,2022-08-06T21:41:24Z
Case_95,reza,Fail,X-Rot (LR); Cerebellum/Tentorium,2022-08-08T01:16:02Z
Case_95,Neda,Warning,Y-Scale (AP); Big; Occipital. Y-Scale (AP); Big; Frontal. Z-Scale (IS); Big,2022-08-07T20:50:50Z
Case_95,estonge,Fail,Y-Scale (AP); Small; Occipital. Z-Scale (IS); Small,2022-08-08T18:14:11Z
Case_95,vmadge,Fail,X-Rot (LR); Cerebellum/Tentorium. X-Scale (LR); Small,2022-08-12T23:03:09Z
Case_103,alexliv,Pass,,2022-08-01T19:35:09Z
Case_103,Sofia,Warning,X-Rot (LR); Cerebellum/Tentorium,2022-08-02T22:18:35Z
Case_103,Sofia,Pass,X-Rot (LR); Cerebellum/Tentorium,2022-08-02T22:51:21Z
Case_103,vfonov,Fail,Z-Scale (IS); Big,2022-08-04T13:49:16Z
Case_103,dandrews.qrater,Fail,X-Rot (LR); Cerebellum/Tentorium,2022-08-05T17:28:26Z
Case_103,dandrews.qrater,Fail,X-Rot (LR); Cerebellum/Tentorium,2022-08-08T13:33:28Z
Case_103,reza,Fail,X-Rot (LR); Cerebellum/Tentorium,2022-08-05T21:43:31Z
Case_103,reza,Fail,X-Rot (LR); Cerebellum/Tentorium,2022-08-05T21:43:41Z
Case_103,Neda,Fail,Z-Scale (IS); Big,2022-08-07T21:21:04Z
Case_103,estonge,Warning,X-Scale (LR); Small. Y-Scale (AP); Small; Occipital,2022-08-08T16:11:50Z
Case_103,vmadge,Fail,X-Rot (LR); Cerebellum/Tentorium. X-Scale (LR); Small. Y-Scale (AP); Small; Occipital,2022-08-08T23:54:19Z
Case_107,Sofia,Pass,,2022-08-02T22:20:01Z
Case_107,vfonov,Pass,,2022-08-04T13:51:18Z
Case_107,alexliv,Pass,,2022-08-05T00:25:27Z
Case_107,dandrews.qrater,Pass,Z-Scale (IS); Big,2022-08-05T18:56:13Z
Case_107,reza,Pass,Z-Scale (IS); Big,2022-08-05T21:47:39Z
Case_107,Neda,Pass,,2022-08-07T21:22:42Z
Case_107,estonge,Warning,,2022-08-08T16:55:38Z
Case_107,vmadge,Pass,Z-Scale (IS); Small,2022-08-09T00:01:29Z
Case_90,Sofia,Pass,,2022-08-02T22:47:16Z
Case_90,vfonov,Pass,,2022-08-04T14:26:29Z
Case_90,alexliv,Pass,,2022-08-05T01:19:52Z
Case_90,dandrews.qrater,Pending,also big LR. Y-Scale (AP); Big; Occipital. Y-Scale (AP); Big; Frontal,2022-08-06T00:41:53Z
Case_90,dandrews.qrater,Fail,also big LR. Y-Scale (AP); Big; Occipital. Y-Scale (AP); Big; Frontal,2022-08-06T00:41:59Z
Case_90,dandrews.qrater,Pass,also big LR. Y-Scale (AP); Big; Occipital. Y-Scale (AP); Big; Frontal,2022-08-08T15:12:16Z
Case_90,reza,Pass,Y-Scale (AP); Big; Occipital,2022-08-06T21:39:11Z
Case_90,reza,Fail,Y-Scale (AP); Big; Occipital,2022-08-08T02:54:02Z
Case_90,Neda,Pass,Y-Scale (AP); Big; Occipital,2022-08-07T20:51:35Z
Case_90,Neda,Warning,Y-Scale (AP); Big; Occipital,2022-08-15T03:51:40Z
Case_90,estonge,Warning,,2022-08-08T18:10:27Z
Case_90,vmadge,Fail,X-Rot (LR); Cerebellum/Tentorium. Y-Scale (AP); Big; Occipital,2022-08-12T23:01:00Z
Case_71,Sofia,Pass,,2022-08-02T22:44:05Z
Case_71,vfonov,Pass,,2022-08-04T14:22:05Z
Case_71,alexliv,Pass,,2022-08-05T01:16:16Z
Case_71,dandrews.qrater,Fail,Y-Scale (AP); Big; Occipital,2022-08-06T00:33:23Z
Case_71,dandrews.qrater,Pass,Y-Scale (AP); Big; Occipital,2022-08-08T15:06:45Z
Case_71,reza,Pass,Y-Scale (AP); Big; Occipital,2022-08-06T21:32:35Z
Case_71,reza,Fail,Y-Scale (AP); Big; Occipital,2022-08-08T02:53:39Z
Case_71,Neda,Warning,Y-Scale (AP); Big; Occipital,2022-08-07T22:24:16Z
Case_71,estonge,Pending,near; . X-Scale (LR); Small. Y-Scale (AP); Small; Occipital,2022-08-08T17:57:50Z
Case_71,estonge,Pass,near; . X-Scale (LR); Small. Y-Scale (AP); Small; Occipital,2022-08-08T17:57:53Z
Case_71,estonge,Fail,near; . X-Scale (LR); Small. Y-Scale (AP); Small; Occipital,2022-08-08T17:58:30Z
Case_71,estonge,Warning,near; . X-Scale (LR); Small. Y-Scale (AP); Small; Occipital,2022-08-08T19:17:37Z
Case_71,vmadge,Pass,Y-Scale (AP); Big; Occipital,2022-08-12T22:53:04Z
Case_105,Sofia,Warning,X-Rot (LR); Cerebellum/Tentorium. Z-Scale (IS); Big,2022-08-02T22:19:36Z
Case_105,Sofia,Pass,X-Rot (LR); Cerebellum/Tentorium. Z-Scale (IS); Big,2022-08-02T22:49:48Z
Case_105,vfonov,Fail,Z-Scale (IS); Big,2022-08-04T13:50:12Z
Case_105,alexliv,Fail,X-Rot (LR); Cerebellum/Tentorium,2022-08-05T00:23:57Z
Case_105,dandrews.qrater,Fail,Z-Scale (IS); Big. X-Rot (LR); Cerebellum/Tentorium,2022-08-05T18:51:44Z
Case_105,reza,Fail,Z-Scale (IS); Big,2022-08-05T21:46:35Z
Case_105,Neda,Fail,Z-Scale (IS); Big,2022-08-07T21:21:57Z
Case_105,estonge,Fail,Z-Scale (IS); Big,2022-08-08T16:13:02Z
Case_105,vmadge,Fail,X-Rot (LR); Cerebellum/Tentorium. Y-Scale (AP); Big; Frontal. Z-Scale (IS); Big,2022-08-08T23:58:10Z
Case_112,Sofia,Pass,,2022-08-02T22:21:02Z
Case_112,vfonov,Fail,Z-Scale (IS); Big,2022-08-04T13:52:17Z
Case_112,alexliv,Fail,Z-Scale (IS); Big,2022-08-05T00:33:59Z
Case_112,dandrews.qrater,Pass,,2022-08-05T20:58:42Z
Case_112,reza,Fail,Z-Scale (IS); Big. Y-Scale (AP); Big; Occipital,2022-08-05T22:34:56Z
Case_112,reza,Pass,Z-Scale (IS); Big. Y-Scale (AP); Big; Occipital,2022-08-08T00:36:20Z
Case_112,reza,Pass,Z-Scale (IS); Big. Y-Scale (AP); Big; Occipital,2022-08-08T00:36:22Z
Case_112,Neda,Warning,Z-Scale (IS); Big,2022-08-07T21:24:25Z
Case_112,estonge,Warning,,2022-08-08T17:17:53Z
Case_112,estonge,Warning,Z small (only by a little); ,2022-08-08T17:18:13Z
Case_112,vmadge,Pass,,2022-08-09T00:06:12Z
Case_2,Sofia,Pass,,2022-08-02T22:32:22Z
Case_2,vfonov,Fail,X-Scale (LR); Small. Y-Scale (AP); Small; Occipital. Z-Scale (IS); Small,2022-08-04T14:10:07Z
Case_2,alexliv,Fail,Y-Scale (AP); Small; Occipital. Z-Scale (IS); Small,2022-08-05T01:04:09Z
Case_2,reza,Fail,Y-Scale (AP); Small; Occipital,2022-08-05T23:27:45Z
Case_2,dandrews.qrater,Fail,X-Rot (LR); Cerebellum/Tentorium,2022-08-06T00:10:09Z
Case_2,Neda,Fail,Z-Scale (IS); Small,2022-08-07T21:47:28Z
Case_2,estonge,Warning,X-Scale (LR); Small. Z-Scale (IS); Small,2022-08-08T17:30:57Z
Case_2,vmadge,Fail,X-Rot (LR); Cerebellum/Tentorium. Y-Scale (AP); Small; Occipital. Z-Scale (IS); Small,2022-08-12T22:19:01Z
Case_30,Sofia,Fail,X-Scale (LR); Small. Z-Scale (IS); Small,2022-08-02T22:35:26Z
Case_30,vfonov,Fail,X-Scale (LR); Small. Y-Scale (AP); Small; Occipital. Z-Scale (IS); Small,2022-08-04T14:13:11Z
Case_30,alexliv,Fail,Z-Scale (IS); Small,2022-08-05T01:07:46Z
Case_30,reza,Fail,X-Scale (LR); Small. Y-Scale (AP); Small; Occipital. Z-Scale (IS); Small,2022-08-05T23:41:49Z
Case_30,dandrews.qrater,Fail,X-Scale (LR); Small. Y-Scale (AP); Small; Occipital. Z-Scale (IS); Small,2022-08-06T00:16:38Z
Case_30,Neda,Fail,,2022-08-07T21:50:54Z
Case_30,estonge,Fail,X-Scale (LR); Small. Y-Scale (AP); Small; Occipital. Z-Scale (IS); Small,2022-08-08T17:35:00Z
Case_30,vmadge,Fail,X-Rot (LR); Orbitofrontal/Eyes. X-Rot (LR); Cerebellum/Tentorium. Y-Scale (AP); Small; Occipital. Z-Scale (IS); Small,2022-08-12T22:29:17Z
Case_110,Sofia,Pass,,2022-08-02T22:20:35Z
Case_110,vfonov,Pass,,2022-08-04T13:51:46Z
Case_110,alexliv,Pass,,2022-08-05T00:33:08Z
Case_110,dandrews.qrater,Pending, ,2022-08-05T19:02:44Z
Case_110,dandrews.qrater,Pending, x-scale big,2022-08-05T19:02:54Z
Case_110,dandrews.qrater,Pass, x-scale big,2022-08-05T19:03:16Z
Case_110,reza,Pass,,2022-08-05T22:04:40Z
Case_110,Neda,Pass,,2022-08-07T21:23:37Z
Case_110,estonge,Pass,,2022-08-08T16:57:19Z
Case_110,vmadge,Pass,Y-Scale (AP); Big; Occipital,2022-08-09T00:03:48Z
Case_36,Sofia,Pass,,2022-08-02T22:36:54Z
Case_36,vfonov,Pass,,2022-08-04T14:15:20Z
Case_36,alexliv,Pass,,2022-08-05T01:09:29Z
Case_36,dandrews.qrater,Fail,X-Scale (LR); Small,2022-08-06T00:20:55Z
Case_36,reza,Pass,,2022-08-06T00:35:00Z
Case_36,Neda,Pass,,2022-08-07T22:05:22Z
Case_36,estonge,Pass,,2022-08-08T17:37:46Z
Case_36,vmadge,Pass,X-Scale (LR); Small,2022-08-12T22:36:02Z
Case_114,Sofia,Fail,Z-Scale (IS); Small,2022-08-02T22:22:16Z
Case_114,vfonov,Fail,X-Scale (LR); Small. Y-Scale (AP); Small; Occipital. Z-Scale (IS); Small,2022-08-04T13:53:02Z
Case_114,alexliv,Fail,X-Scale (LR); Small. Y-Scale (AP); Small; Occipital. Z-Scale (IS); Small,2022-08-05T00:34:56Z
Case_114,dandrews.qrater,Fail,,2022-08-05T21:02:53Z
Case_114,reza,Fail,X-Scale (LR); Small. Y-Scale (AP); Small; Occipital. Z-Scale (IS); Small,2022-08-05T22:36:08Z
Case_114,Neda,Fail,,2022-08-07T21:25:14Z
Case_114,estonge,Fail,X-Scale (LR); Small. Z-Scale (IS); Small,2022-08-08T17:19:03Z
Case_114,vmadge,Fail,X-Rot (LR); Orbitofrontal/Eyes. Y-Scale (AP); Small; Occipital. Z-Scale (IS); Small,2022-08-09T00:07:58Z
Case_23,Sofia,Warning,X-Rot (LR); Orbitofrontal/Eyes,2022-08-02T22:33:49Z
Case_23,Sofia,Pass,X-Rot (LR); Orbitofrontal/Eyes,2022-08-02T22:52:28Z
Case_23,vfonov,Fail,X-Rot (LR); Orbitofrontal/Eyes,2022-08-04T14:11:09Z
Case_23,alexliv,Fail,X-Rot (LR); Orbitofrontal/Eyes. X-Rot (LR); Cerebellum/Tentorium. Z-Scale (IS); Big,2022-08-05T01:05:23Z
Case_23,reza,Warning,X-Rot (LR); Orbitofrontal/Eyes. X-Rot (LR); Cerebellum/Tentorium,2022-08-05T23:33:31Z
Case_23,reza,Fail,X-Rot (LR); Orbitofrontal/Eyes. X-Rot (LR); Cerebellum/Tentorium,2022-08-08T00:56:45Z
Case_23,dandrews.qrater,Fail,X-Rot (LR); Orbitofrontal/Eyes,2022-08-06T00:11:14Z
Case_23,Neda,Fail,X-Rot (LR); Orbitofrontal/Eyes. X-Rot (LR); Cerebellum/Tentorium,2022-08-07T21:49:00Z
Case_23,estonge,Fail,X-Rot (LR); Orbitofrontal/Eyes,2022-08-08T19:20:58Z
Case_23,vmadge,Fail,X-Rot (LR); Orbitofrontal/Eyes. X-Rot (LR); Cerebellum/Tentorium. Y-Scale (AP); Big; Occipital,2022-08-12T22:23:44Z
Case_55,Sofia,Warning,X-Scale (LR); Small. Z-Scale (IS); Small,2022-08-02T22:41:01Z
Case_55,vfonov,Fail,X-Scale (LR); Small. Y-Scale (AP); Small; Occipital. Z-Scale (IS); Small,2022-08-04T14:18:52Z
Case_55,alexliv,Fail,X-Rot (LR); Orbitofrontal/Eyes. X-Rot (LR); Cerebellum/Tentorium. Z-Scale (IS); Small,2022-08-05T01:12:21Z
Case_55,dandrews.qrater,Fail,X-Scale (LR); Small. Y-Scale (AP); Small; Occipital. Z-Scale (IS); Small,2022-08-06T00:25:07Z
Case_55,reza,Fail,X-Scale (LR); Small. Y-Scale (AP); Small; Occipital. Z-Scale (IS); Small,2022-08-06T21:25:50Z
Case_55,Neda,Fail,X-Rot (LR); Orbitofrontal/Eyes,2022-08-07T22:09:13Z
Case_55,estonge,Fail,X-Scale (LR); Small. Y-Scale (AP); Small; Occipital. Z-Scale (IS); Small,2022-08-08T17:50:55Z
Case_55,vmadge,Fail,X-Rot (LR); Orbitofrontal/Eyes. X-Rot (LR); Cerebellum/Tentorium. X-Scale (LR); Small. Y-Scale (AP); Small; Occipital. Z-Scale (IS); Small,2022-08-12T22:44:38Z
Case_108,Sofia,Pass,,2022-08-02T22:20:23Z
Case_108,vfonov,Fail,Z-Scale (IS); Big,2022-08-04T13:51:25Z
Case_108,alexliv,Fail,X-Rot (LR); Orbitofrontal/Eyes. Z-Scale (IS); Big,2022-08-05T00:32:55Z
Case_108,dandrews.qrater,Fail,Z-Scale (IS); Big. X-Rot (LR); Cerebellum/Tentorium,2022-08-05T18:57:05Z
Case_108,dandrews.qrater,Fail,Z-Scale (IS); Big. X-Rot (LR); Cerebellum/Tentorium,2022-08-06T00:47:25Z
Case_108,reza,Fail,Z-Scale (IS); Big,2022-08-05T21:48:21Z
Case_108,Neda,Fail,Z-Scale (IS); Big,2022-08-07T21:23:15Z
Case_108,estonge,Warning,X-Rot (LR); Orbitofrontal/Eyes. Z-Scale (IS); Small,2022-08-08T16:56:37Z
Case_108,vmadge,Fail,X-Rot (LR); Cerebellum/Tentorium. Y-Scale (AP); Big; Occipital,2022-08-09T00:02:52Z
Case_39,Sofia,Pass,,2022-08-02T22:37:39Z
Case_39,vfonov,Fail,Z-Scale (IS); Big,2022-08-04T14:15:47Z
Case_39,alexliv,Fail,X-Rot (LR); Cerebellum/Tentorium. Y-Scale (AP); Big; Occipital. Y-Scale (AP); Big; Frontal. Z-Scale (IS); Big,2022-08-05T01:10:03Z
Case_39,dandrews.qrater,Fail,Z-Scale (IS); Big,2022-08-06T00:21:33Z
Case_39,reza,Fail,Z-Scale (IS); Big,2022-08-06T21:19:53Z
Case_39,Neda,Warning,Z-Scale (IS); Big,2022-08-07T22:05:50Z
Case_39,estonge,Fail,X-Rot (LR); Cerebellum/Tentorium. Z-Scale (IS); Small,2022-08-08T17:38:32Z
Case_39,vmadge,Fail,X-Rot (LR); Cerebellum/Tentorium. Z-Scale (IS); Big,2022-08-12T22:38:02Z
Case_150,Sofia,Fail,X-Rot (LR); Orbitofrontal/Eyes,2022-08-02T22:31:42Z
Case_150,vfonov,Fail,X-Rot (LR); Orbitofrontal/Eyes. X-Rot (LR); Cerebellum/Tentorium,2022-08-04T14:09:14Z
Case_150,alexliv,Pass,X-Rot (LR); Orbitofrontal/Eyes. X-Rot (LR); Cerebellum/Tentorium. Z-Scale (IS); Small,2022-08-05T01:03:17Z
Case_150,reza,Fail,X-Rot (LR); Orbitofrontal/Eyes,2022-08-05T23:25:01Z
Case_150,dandrews.qrater,Fail,,2022-08-06T00:04:57Z
Case_150,Neda,Fail,X-Rot (LR); Cerebellum/Tentorium,2022-08-07T21:46:42Z
Case_150,estonge,Fail,X-Rot (LR); Orbitofrontal/Eyes,2022-08-08T17:29:59Z
Case_150,vmadge,Fail,X-Rot (LR); Orbitofrontal/Eyes. X-Rot (LR); Cerebellum/Tentorium. Y-Scale (AP); Small; Occipital,2022-08-12T22:17:27Z
Case_54,Sofia,Fail,X-Rot (LR); Orbitofrontal/Eyes,2022-08-02T22:40:07Z
Case_54,vfonov,Fail,,2022-08-04T14:18:35Z
Case_54,alexliv,Fail,X-Rot (LR); Orbitofrontal/Eyes. X-Rot (LR); Cerebellum/Tentorium,2022-08-05T01:12:10Z
Case_54,dandrews.qrater,Fail,X-Rot (LR); Orbitofrontal/Eyes,2022-08-06T00:24:56Z
Case_54,reza,Fail,X-Rot (LR); Orbitofrontal/Eyes,2022-08-06T21:23:40Z
Case_54,Neda,Fail,,2022-08-07T22:08:49Z
Case_54,estonge,Fail,X-Rot (LR); Orbitofrontal/Eyes. Z-Scale (IS); Small,2022-08-08T17:50:06Z
Case_54,vmadge,Fail,X-Rot (LR); Orbitofrontal/Eyes. X-Rot (LR); Cerebellum/Tentorium,2022-08-12T22:44:10Z
Case_143,Sofia,Warning,X-Scale (LR); Small. Z-Scale (IS); Small,2022-08-02T22:30:41Z
Case_143,Sofia,Pass,X-Scale (LR); Small. Z-Scale (IS); Small,2022-08-02T22:52:09Z
Case_143,vfonov,Fail,X-Scale (LR); Small,2022-08-04T14:08:19Z
Case_143,alexliv,Fail,Z-Scale (IS); Small,2022-08-05T01:01:51Z
Case_143,reza,Fail,Z-Scale (IS); Small. X-Scale (LR); Small,2022-08-05T23:19:14Z
Case_143,reza,Fail,Z-Scale (IS); Small. X-Scale (LR); Small,2022-08-05T23:19:15Z
Case_143,dandrews.qrater,Fail,,2022-08-06T00:03:10Z
Case_143,Neda,Warning,Z-Scale (IS); Big,2022-08-07T21:45:13Z
Case_143,estonge,Warning,X-Scale (LR); Small,2022-08-08T17:29:11Z
Case_143,vmadge,Pass,X-Scale (LR); Small,2022-08-09T00:27:40Z
Case_60,Sofia,Fail,X-Rot (LR); Orbitofrontal/Eyes,2022-08-02T22:42:21Z
Case_60,vfonov,Fail,X-Rot (LR); Orbitofrontal/Eyes,2022-08-04T14:20:03Z
Case_60,alexliv,Fail,X-Rot (LR); Orbitofrontal/Eyes,2022-08-05T01:13:47Z
Case_60,dandrews.qrater,Fail,X-Rot (LR); Orbitofrontal/Eyes,2022-08-06T00:30:22Z
Case_60,reza,Fail,X-Rot (LR); Orbitofrontal/Eyes,2022-08-06T21:29:34Z
Case_60,Neda,Fail,X-Rot (LR); Cerebellum/Tentorium,2022-08-07T22:13:57Z
Case_60,estonge,Fail,X-Rot (LR); Orbitofrontal/Eyes,2022-08-08T17:52:25Z
Case_60,vmadge,Fail,X-Rot (LR); Orbitofrontal/Eyes. X-Rot (LR); Cerebellum/Tentorium. X-Scale (LR); Small. Y-Scale (AP); Big; Frontal,2022-08-12T22:48:07Z
Case_77,Sofia,Pass,Y-Scale (AP); Big; Frontal,2022-08-02T22:44:55Z
Case_77,vfonov,Fail,Y-Scale (AP); Big; Frontal,2022-08-04T14:22:55Z
Case_77,alexliv,Fail,X-Rot (LR); Cerebellum/Tentorium. Y-Scale (AP); Big; Occipital. Y-Scale (AP); Big; Frontal. Z-Scale (IS); Small,2022-08-05T01:17:12Z
Case_77,dandrews.qrater,Fail,X-Rot (LR); Cerebellum/Tentorium. Y-Scale (AP); Small; Occipital. Y-Scale (AP); Big; Occipital,2022-08-06T00:35:17Z
Case_77,reza,Pass,X-Rot (LR); Cerebellum/Tentorium. Y-Scale (AP); Big; Occipital,2022-08-06T21:35:39Z
Case_77,reza,Fail,X-Rot (LR); Cerebellum/Tentorium. Y-Scale (AP); Big; Occipital,2022-08-08T01:11:38Z
Case_77,Neda,Fail,Y-Scale (AP); Big; Occipital,2022-08-07T22:26:32Z
Case_77,estonge,Fail,Y-Scale (AP); Big; Occipital. Y-Scale (AP); Big; Frontal,2022-08-08T18:01:31Z
Case_77,vmadge,Fail,X-Rot (LR); Cerebellum/Tentorium. Y-Scale (AP); Big; Occipital. Y-Scale (AP); Big; Frontal,2022-08-12T22:55:21Z
Case_92,Sofia,Fail,X-Scale (LR); Small. Y-Scale (AP); Small; Occipital. Z-Scale (IS); Small,2022-08-02T22:47:32Z
Case_92,vfonov,Fail,X-Scale (LR); Small. Y-Scale (AP); Small; Occipital. Z-Scale (IS); Small,2022-08-04T14:26:38Z
Case_92,alexliv,Fail,X-Scale (LR); Small. Y-Scale (AP); Small; Occipital. Z-Scale (IS); Small,2022-08-05T01:19:59Z
Case_92,dandrews.qrater,Fail,X-Scale (LR); Small. Y-Scale (AP); Small; Occipital. Z-Scale (IS); Small,2022-08-06T00:42:05Z
Case_92,reza,Fail,X-Rot (LR); Cerebellum/Tentorium. X-Scale (LR); Small. Y-Scale (AP); Small; Occipital. Z-Scale (IS); Small,2022-08-06T21:39:30Z
Case_92,Neda,Fail,,2022-08-07T20:51:21Z
Case_92,estonge,Fail,X-Scale (LR); Small. Z-Scale (IS); Small,2022-08-08T18:10:38Z
Case_92,vmadge,Fail,X-Rot (LR); Orbitofrontal/Eyes. X-Rot (LR); Cerebellum/Tentorium. X-Scale (LR); Small. Y-Scale (AP); Small; Occipital. Z-Scale (IS); Small,2022-08-12T23:01:14Z
Case_70,Sofia,Pass,,2022-08-02T22:43:55Z
Case_70,vfonov,Pass,,2022-08-04T14:21:33Z
Case_70,alexliv,Pass,,2022-08-05T01:15:59Z
Case_70,dandrews.qrater,Pass,,2022-08-06T00:32:51Z
Case_70,reza,Pass,,2022-08-06T21:31:33Z
Case_70,Neda,Pass,,2022-08-07T22:19:57Z
Case_70,estonge,Pass,,2022-08-08T17:57:04Z
Case_70,vmadge,Pass,X-Scale (LR); Small,2022-08-12T22:52:30Z
Case_128,Sofia,Warning,X-Rot (LR); Orbitofrontal/Eyes,2022-08-02T22:26:49Z
Case_128,Sofia,Pass,X-Rot (LR); Orbitofrontal/Eyes,2022-08-02T22:51:28Z
Case_128,vfonov,Fail,,2022-08-04T14:02:40Z
Case_128,alexliv,Fail,X-Rot (LR); Orbitofrontal/Eyes. X-Rot (LR); Cerebellum/Tentorium. Z-Scale (IS); Small,2022-08-05T00:43:42Z
Case_128,reza,Fail,X-Rot (LR); Orbitofrontal/Eyes,2022-08-05T23:07:20Z
Case_128,dandrews.qrater,Fail,X-Rot (LR); Orbitofrontal/Eyes,2022-08-05T23:31:39Z
Case_128,Neda,Fail,X-Rot (LR); Orbitofrontal/Eyes,2022-08-07T21:40:36Z
Case_128,estonge,Pass,,2022-08-08T17:24:35Z
Case_128,vmadge,Fail,X-Rot (LR); Orbitofrontal/Eyes. Z-Scale (IS); Small,2022-08-09T00:18:48Z
Case_82,Sofia,Fail,Z-Scale (IS); Big,2022-08-02T22:45:41Z
Case_82,vfonov,Fail,Z-Scale (IS); Big,2022-08-04T14:23:48Z
Case_82,alexliv,Fail,Z-Scale (IS); Big,2022-08-05T01:18:21Z
Case_82,dandrews.qrater,Fail,Z-Scale (IS); Big,2022-08-06T00:38:27Z
Case_82,reza,Fail,Z-Scale (IS); Big,2022-08-06T21:36:10Z
Case_82,Neda,Fail,,2022-08-07T22:27:31Z
Case_82,estonge,Fail,Y-Scale (AP); Small; Occipital. Z-Scale (IS); Small,2022-08-08T18:04:25Z
Case_82,vmadge,Fail,X-Rot (LR); Orbitofrontal/Eyes. Z-Scale (IS); Big,2022-08-12T22:57:20Z
Case_45,Sofia,Pass,,2022-08-02T22:38:37Z
Case_45,vfonov,Fail,,2022-08-04T14:16:47Z
Case_45,alexliv,Pass,,2022-08-05T01:10:52Z
Case_45,dandrews.qrater,Fail,,2022-08-06T00:23:43Z
Case_45,dandrews.qrater,Pass,,2022-08-08T14:48:10Z
Case_45,reza,Pass,,2022-08-06T21:21:36Z
Case_45,reza,Fail,,2022-08-08T01:23:20Z
Case_45,reza,Fail,X-Scale; Big?zz,2022-08-08T03:19:48Z
Case_45,Neda,Pending,X-Scale; big?,2022-08-07T22:07:08Z
Case_45,Neda,Warning,X-Scale; big?,2022-08-07T22:07:09Z
Case_45,estonge,Warning,,2022-08-08T17:43:22Z
Case_45,estonge,Warning,X big,2022-08-08T17:43:32Z
Case_45,vmadge,Pass,,2022-08-12T22:41:39Z
Case_85,Sofia,Pass,,2022-08-02T22:46:16Z
Case_85,vfonov,Pass,,2022-08-04T14:25:05Z
Case_85,alexliv,Fail,Z-Scale (IS); Big,2022-08-05T01:18:46Z
Case_85,dandrews.qrater,Fail,Z-Scale (IS); Big,2022-08-06T00:39:03Z
Case_85,dandrews.qrater,Pass,Z-Scale (IS); Big,2022-08-08T15:11:22Z
Case_85,reza,Pass,Z-Scale (IS); Big,2022-08-06T21:37:25Z
Case_85,reza,Fail,Z-Scale (IS); Big,2022-08-08T01:14:03Z
Case_85,Neda,Warning,Z-Scale (IS); Big,2022-08-07T22:28:14Z
Case_85,estonge,Warning,Z-Scale (IS); Small,2022-08-08T18:05:20Z
Case_85,vmadge,Pass,Z-Scale (IS); Big,2022-08-12T22:58:29Z
Case_15,Sofia,Pass,,2022-08-02T22:31:24Z
Case_15,vfonov,Pass,,2022-08-04T14:08:54Z
Case_15,alexliv,Pass,,2022-08-05T01:02:41Z
Case_15,reza,Pass,,2022-08-05T23:22:30Z
Case_15,reza,Warning,,2022-08-08T00:55:35Z
Case_15,reza,Fail,,2022-08-08T02:29:35Z
Case_15,reza,Fail,Cerebellum!,2022-08-08T03:10:04Z
Case_15,dandrews.qrater,Pass,,2022-08-06T00:04:07Z
Case_15,Neda,Warning,Z-Scale (IS); Big,2022-08-07T21:46:23Z
Case_15,Neda,Pass,Z-Scale (IS); Big,2022-08-08T04:50:46Z
Case_15,estonge,Pass,,2022-08-08T17:29:44Z
Case_15,vmadge,Pass,,2022-08-12T23:07:22Z
Case_25,Sofia,Warning,Z-Scale (IS); Small. X-Rot (LR); Cerebellum/Tentorium,2022-08-02T22:34:34Z
Case_25,vfonov,Fail,X-Scale (LR); Small. Y-Scale (AP); Small; Occipital. Z-Scale (IS); Small,2022-08-04T14:11:43Z
Case_25,alexliv,Fail,X-Rot (LR); Cerebellum/Tentorium. Z-Scale (IS); Small,2022-08-05T01:05:50Z
Case_25,reza,Fail,X-Scale (LR); Small. Y-Scale (AP); Small; Occipital. Z-Scale (IS); Small,2022-08-05T23:39:50Z
Case_25,dandrews.qrater,Fail,X-Rot (LR); Cerebellum/Tentorium. Z-Scale (IS); Small,2022-08-06T00:12:31Z
Case_25,Neda,Fail,,2022-08-07T21:49:23Z
Case_25,estonge,Fail,Z-Scale (IS); Small,2022-08-08T17:33:39Z
Case_25,vmadge,Fail,X-Rot (LR); Orbitofrontal/Eyes. X-Rot (LR); Cerebellum/Tentorium. X-Scale (LR); Small. Y-Scale (AP); Small; Occipital. Z-Scale (IS); Small,2022-08-12T22:25:35Z
Case_73,Sofia,Warning,Y-Scale (AP); Big; Occipital. X-Rot (LR); Cerebellum/Tentorium,2022-08-02T22:44:24Z
Case_73,vfonov,Fail,Z-Scale (IS); Small,2022-08-04T14:22:21Z
Case_73,alexliv,Fail,X-Rot (LR); Cerebellum/Tentorium,2022-08-05T01:16:29Z
Case_73,dandrews.qrater,Fail,X-Rot (LR); Cerebellum/Tentorium,2022-08-06T00:33:51Z
Case_73,reza,Fail,X-Rot (LR); Cerebellum/Tentorium,2022-08-06T21:32:48Z
Case_73,Neda,Fail,X-Rot (LR); Cerebellum/Tentorium,2022-08-07T22:25:06Z
Case_73,estonge,Fail,Y-Scale (AP); Big; Occipital. Z-Scale (IS); Small,2022-08-08T17:59:27Z
Case_73,vmadge,Fail,X-Rot (LR); Cerebellum/Tentorium. Y-Scale (AP); Big; Occipital,2022-08-12T22:53:33Z
Case_115,Sofia,Pass,,2022-08-02T22:22:34Z
Case_115,vfonov,Pass,,2022-08-04T13:53:42Z
Case_115,alexliv,Pass,,2022-08-05T00:36:00Z
Case_115,dandrews.qrater,Pass,,2022-08-05T21:03:55Z
Case_115,reza,Pass,X-Rot (LR); Cerebellum/Tentorium,2022-08-05T22:36:28Z
Case_115,reza,Fail,X-Rot (LR); Cerebellum/Tentorium,2022-08-08T02:46:03Z
Case_115,Neda,Pass,Z-Scale (IS); Big,2022-08-07T21:26:10Z
Case_115,Neda,Warning,Z-Scale (IS); Big,2022-08-15T03:46:06Z
Case_115,estonge,Pass,,2022-08-08T17:19:24Z
Case_115,vmadge,Pass,X-Rot (LR); Cerebellum/Tentorium,2022-08-09T00:09:17Z
Case_113,Sofia,Fail,X-Rot (LR); Cerebellum/Tentorium. Z-Scale (IS); Small,2022-08-02T22:22:02Z
Case_113,vfonov,Fail,X-Scale (LR); Small. Y-Scale (AP); Small; Occipital,2022-08-04T13:52:52Z
Case_113,alexliv,Fail,X-Rot (LR); Orbitofrontal/Eyes. X-Scale (LR); Small. Y-Scale (AP); Small; Occipital. Z-Scale (IS); Small,2022-08-05T00:34:43Z
Case_113,dandrews.qrater,Fail,X-Scale (LR); Small. Y-Scale (AP); Small; Occipital. Z-Scale (IS); Small,2022-08-05T21:02:44Z
Case_113,reza,Fail,X-Rot (LR); Cerebellum/Tentorium. Z-Scale (IS); Small,2022-08-05T22:35:22Z
Case_113,Neda,Fail,Z-Scale (IS); Small,2022-08-07T21:25:09Z
Case_113,estonge,Fail,X-Rot (LR); Cerebellum/Tentorium. Z-Scale (IS); Small,2022-08-08T17:18:49Z
Case_113,vmadge,Fail,X-Rot (LR); Cerebellum/Tentorium. Y-Scale (AP); Small; Occipital. Z-Scale (IS); Small,2022-08-09T00:07:09Z
Case_79,Sofia,Pass,,2022-08-02T22:45:08Z
Case_79,vfonov,Pass,,2022-08-04T14:23:27Z
Case_79,alexliv,Pass,Y-Scale (AP); Small; Occipital,2022-08-05T01:17:42Z
Case_79,dandrews.qrater,Fail,Y-Scale (AP); Small; Occipital. Z-Scale (IS); Big,2022-08-06T00:35:36Z
Case_79,reza,Pass,X-Rot (LR); Cerebellum/Tentorium,2022-08-06T21:35:52Z
Case_79,reza,Fail,X-Rot (LR); Cerebellum/Tentorium,2022-08-08T01:13:16Z
Case_79,reza,Fail,X-Rot (LR); Cerebellum/Tentorium,2022-08-08T01:13:18Z
Case_79,Neda,Fail,,2022-08-07T22:26:54Z
Case_79,estonge,Fail,Y-Scale (AP); Big; Frontal,2022-08-08T18:02:18Z
Case_79,vmadge,Pass,X-Rot (LR); Orbitofrontal/Eyes,2022-08-12T22:56:17Z
Case_98,Sofia,Fail,X-Scale (LR); Small. Z-Scale (IS); Small,2022-08-02T22:48:21Z
Case_98,vfonov,Fail,X-Scale (LR); Small. Y-Scale (AP); Small; Occipital. Z-Scale (IS); Small,2022-08-04T14:27:17Z
Case_98,alexliv,Fail,Y-Scale (AP); Small; Occipital. Z-Scale (IS); Small,2022-08-05T01:21:29Z
Case_98,dandrews.qrater,Fail,X-Scale (LR); Small. Y-Scale (AP); Small; Occipital. Z-Scale (IS); Small,2022-08-06T00:42:52Z
Case_98,reza,Fail,X-Scale (LR); Small. Y-Scale (AP); Small; Occipital. Z-Scale (IS); Small,2022-08-06T21:41:56Z
Case_98,Neda,Fail,,2022-08-07T20:50:24Z
Case_98,estonge,Fail,X-Scale (LR); Small. Y-Scale (AP); Small; Occipital. Z-Scale (IS); Small,2022-08-08T18:14:49Z
Case_98,vmadge,Fail,X-Rot (LR); Orbitofrontal/Eyes. X-Rot (LR); Cerebellum/Tentorium. X-Scale (LR); Small. Y-Scale (AP); Small; Occipital. Z-Scale (IS); Small,2022-08-12T23:03:22Z
Case_117,Sofia,Fail,X-Scale (LR); Small. Z-Scale (IS); Small,2022-08-02T22:23:52Z
Case_117,vfonov,Fail,X-Scale (LR); Small,2022-08-04T13:54:14Z
Case_117,alexliv,Fail,Z-Scale (IS); Small,2022-08-05T00:36:47Z
Case_117,dandrews.qrater,Fail,,2022-08-05T21:11:00Z
Case_117,reza,Fail,X-Scale (LR); Small. Z-Scale (IS); Small,2022-08-05T22:40:54Z
Case_117,Neda,Fail,X-Scale (LR); Small. Z-Scale (IS); Small,2022-08-07T21:31:09Z
Case_117,estonge,Fail,X-Scale (LR); Small,2022-08-08T17:20:32Z
Case_117,vmadge,Fail,,2022-08-09T00:11:31Z
Case_88,Sofia,Fail,Y-Scale (AP); Small; Occipital,2022-08-02T22:46:45Z
Case_88,vfonov,Fail,X-Scale (LR); Small. Y-Scale (AP); Small; Occipital. Z-Scale (IS); Small,2022-08-04T14:25:45Z
Case_88,alexliv,Fail,Y-Scale (AP); Small; Occipital. Z-Scale (IS); Small,2022-08-05T01:19:12Z
Case_88,dandrews.qrater,Fail,X-Scale (LR); Small. Y-Scale (AP); Small; Occipital. Z-Scale (IS); Small,2022-08-06T00:39:18Z
Case_88,reza,Fail,X-Rot (LR); Orbitofrontal/Eyes. Y-Scale (AP); Small; Occipital,2022-08-06T21:38:17Z
Case_88,Neda,Fail,,2022-08-07T20:52:12Z
Case_88,estonge,Fail,Y-Scale (AP); Small; Occipital,2022-08-08T18:05:44Z
Case_88,vmadge,Fail,X-Rot (LR); Orbitofrontal/Eyes. X-Rot (LR); Cerebellum/Tentorium. Y-Scale (AP); Small; Occipital,2022-08-12T22:59:16Z
Case_137,Sofia,Warning,Y-Scale (AP); Big; Occipital,2022-08-02T22:29:44Z
Case_137,Sofia,Pass,Y-Scale (AP); Big; Occipital,2022-08-02T22:51:58Z
Case_137,vfonov,Fail,Z-Scale (IS); Small,2022-08-04T14:07:27Z
Case_137,alexliv,Fail,X-Rot (LR); Cerebellum/Tentorium. Y-Scale (AP); Big; Occipital. Z-Scale (IS); Small,2022-08-05T01:00:16Z
Case_137,reza,Fail,X-Rot (LR); Cerebellum/Tentorium,2022-08-05T23:17:40Z
Case_137,dandrews.qrater,Fail,X-Rot (LR); Cerebellum/Tentorium,2022-08-05T23:42:09Z
Case_137,Neda,Fail,Y-Scale (AP); Big; Occipital,2022-08-07T21:44:31Z
Case_137,estonge,Warning,Y-Scale (AP); Big; Occipital. Z-Scale (IS); Big,2022-08-08T17:27:30Z
Case_137,vmadge,Fail,X-Rot (LR); Cerebellum/Tentorium. Y-Scale (AP); Big; Occipital,2022-08-09T00:23:35Z
Case_130,Sofia,Pass,,2022-08-02T22:27:34Z
Case_130,vfonov,Pass,,2022-08-04T14:03:39Z
Case_130,alexliv,Pass,,2022-08-05T00:45:25Z
Case_130,reza,Pass,,2022-08-05T23:10:54Z
Case_130,dandrews.qrater,Pass,,2022-08-05T23:39:08Z
Case_130,Neda,Pass,,2022-08-07T21:42:37Z
Case_130,estonge,Pass,,2022-08-08T17:25:59Z
Case_130,vmadge,Pass,,2022-08-09T00:21:03Z
Case_123,Sofia,Pass,,2022-08-02T22:25:43Z
Case_123,vfonov,Fail,Z-Scale (IS); Small,2022-08-04T13:55:59Z
Case_123,alexliv,Fail,X-Rot (LR); Orbitofrontal/Eyes. Z-Scale (IS); Big,2022-08-05T00:42:48Z
Case_123,reza,Pass,X-Rot (LR); Cerebellum/Tentorium,2022-08-05T22:44:46Z
Case_123,reza,Fail,X-Rot (LR); Cerebellum/Tentorium,2022-08-08T00:45:52Z
Case_123,dandrews.qrater,Fail,X-Rot (LR); Cerebellum/Tentorium. Z-Scale (IS); Big,2022-08-05T23:26:27Z
Case_123,Neda,Fail,X-Rot (LR); Orbitofrontal/Eyes,2022-08-07T21:37:24Z
Case_123,estonge,Pass,Z-Scale (IS); Big. Y-Scale (AP); Big; Occipital,2022-08-08T17:23:03Z
Case_123,estonge,Warning,Z-Scale (IS); Big. Y-Scale (AP); Big; Occipital,2022-08-08T19:22:49Z
Case_123,vmadge,Fail,X-Rot (LR); Cerebellum/Tentorium,2022-08-09T00:14:39Z
Case_56,Sofia,Warning,X-Rot (LR); Cerebellum/Tentorium,2022-08-02T22:41:32Z
Case_56,vfonov,Fail,Z-Scale (IS); Small,2022-08-04T14:19:04Z
Case_56,alexliv,Fail,X-Rot (LR); Orbitofrontal/Eyes. X-Rot (LR); Cerebellum/Tentorium. Z-Scale (IS); Small,2022-08-05T01:12:40Z
Case_56,dandrews.qrater,Fail,X-Rot (LR); Cerebellum/Tentorium,2022-08-06T00:25:24Z
Case_56,reza,Fail,X-Rot (LR); Cerebellum/Tentorium,2022-08-06T21:26:31Z
Case_56,Neda,Fail,X-Rot (LR); Orbitofrontal/Eyes,2022-08-07T22:11:35Z
Case_56,estonge,Fail,X-Rot (LR); Cerebellum/Tentorium,2022-08-08T17:51:14Z
Case_56,vmadge,Fail,X-Rot (LR); Orbitofrontal/Eyes. X-Rot (LR); Cerebellum/Tentorium. Y-Scale (AP); Big; Occipital,2022-08-12T22:45:09Z
Case_22,Sofia,Pass,,2022-08-02T22:33:02Z
Case_22,vfonov,Pass,,2022-08-04T14:10:49Z
Case_22,alexliv,Pass,Z-Scale (IS); Small,2022-08-05T01:04:48Z
Case_22,reza,Pass,Z-Scale (IS); Big,2022-08-05T23:29:46Z
Case_22,dandrews.qrater,Pass,,2022-08-06T00:10:50Z
Case_22,Neda,Warning,Z-Scale (IS); Big,2022-08-07T21:48:36Z
Case_22,Neda,Pass,Z-Scale (IS); Big,2022-08-08T04:51:16Z
Case_22,Neda,Warning,Z-Scale (IS); Big,2022-08-15T03:47:08Z
Case_22,estonge,Pass,,2022-08-08T17:32:29Z
Case_22,vmadge,Pass,,2022-08-12T22:22:53Z
Case_65,Sofia,Fail,X-Scale (LR); Small. Y-Scale (AP); Small; Occipital. Z-Scale (IS); Small,2022-08-02T22:42:46Z
Case_65,vfonov,Fail,X-Scale (LR); Small. Y-Scale (AP); Small; Occipital. Z-Scale (IS); Small,2022-08-04T14:20:34Z
Case_65,alexliv,Fail,X-Scale (LR); Small. Y-Scale (AP); Small; Occipital. Z-Scale (IS); Small,2022-08-05T01:14:20Z
Case_65,dandrews.qrater,Fail,X-Scale (LR); Small. Y-Scale (AP); Small; Occipital. Z-Scale (IS); Small,2022-08-06T00:31:16Z
Case_65,reza,Fail,X-Scale (LR); Small. Y-Scale (AP); Small; Occipital. Z-Scale (IS); Small,2022-08-06T21:29:55Z
Case_65,Neda,Fail,,2022-08-07T22:14:55Z
Case_65,estonge,Fail,X-Scale (LR); Small. Y-Scale (AP); Small; Occipital. Z-Scale (IS); Small,2022-08-08T17:54:11Z
Case_65,vmadge,Fail,X-Rot (LR); Orbitofrontal/Eyes. X-Rot (LR); Cerebellum/Tentorium. X-Scale (LR); Small. Y-Scale (AP); Small; Occipital. Z-Scale (IS); Small,2022-08-12T22:49:20Z
Case_94,Sofia,Pass,,2022-08-02T22:47:59Z
Case_94,vfonov,Pass,,2022-08-04T14:26:57Z
Case_94,alexliv,Pass,,2022-08-05T01:20:38Z
Case_94,dandrews.qrater,Pass,,2022-08-06T00:42:34Z
Case_94,reza,Pass,,2022-08-06T21:40:41Z
Case_94,Neda,Pass,X-Rot (LR); Cerebellum/Tentorium,2022-08-07T20:51:01Z
Case_94,Neda,Warning,X-Rot (LR); Cerebellum/Tentorium,2022-08-15T03:52:10Z
Case_94,estonge,Pass,,2022-08-08T18:11:41Z
Case_94,vmadge,Pass,Y-Scale (AP); Big; Occipital,2022-08-12T23:02:40Z
Case_101,alexliv,Fail,Y-Scale (AP); Small; Occipital. Z-Scale (IS); Small,2022-08-01T19:34:58Z
Case_101,Sofia,Pass,,2022-08-02T22:17:56Z
Case_101,vfonov,Fail,X-Scale (LR); Small. Y-Scale (AP); Small; Occipital. Z-Scale (IS); Small,2022-08-04T13:48:58Z
Case_101,dandrews.qrater,Fail,X-Scale (LR); Small. Z-Scale (IS); Small,2022-08-05T17:26:15Z
Case_101,reza,Fail,Z-Scale (IS); Small,2022-08-05T21:43:03Z
Case_101,Neda,Fail,,2022-08-07T21:20:02Z
Case_101,estonge,Fail,Y-Scale (AP); Small; Occipital. Z-Scale (IS); Small,2022-08-08T16:11:08Z
Case_101,vmadge,Fail,X-Scale (LR); Small. Y-Scale (AP); Small; Occipital. Z-Scale (IS); Small,2022-08-08T23:52:57Z
Case_10,alexliv,Pass,,2022-08-01T19:33:19Z
Case_10,Sofia,Warning,Y-Scale (AP); Small; Occipital,2022-08-02T22:17:42Z
Case_10,Sofia,Pass,Y-Scale (AP); Small; Occipital,2022-08-02T22:49:27Z
Case_10,Sofia,Pending,Y-Scale (AP); Small; Occipital,2022-09-07T10:28:29Z
Case_10,Sofia,Pass,Y-Scale (AP); Small; Occipital,2022-09-07T10:48:10Z
Case_10,Sofia,Pending,Y-Scale (AP); Small; Occipital,2022-09-07T11:05:49Z
Case_10,Sofia,Pass,Y-Scale (AP); Small; Occipital,2022-09-07T17:40:11Z
Case_10,Sofia,Pending,Y-Scale (AP); Small; Occipital,2022-09-07T17:40:13Z
Case_10,Sofia,Fail,Y-Scale (AP); Small; Occipital,2022-09-07T18:17:40Z
Case_10,vfonov,Fail,Y-Scale (AP); Small; Occipital,2022-08-04T13:47:45Z
Case_10,dandrews.qrater,Fail,Y-Scale (AP); Small; Occipital,2022-08-05T17:24:39Z
Case_10,reza,Fail,Y-Scale (AP); Small; Occipital,2022-08-05T21:42:29Z
Case_10,reza,Fail,Y-Scale (AP); Small; Occipital,2022-08-05T21:42:31Z
Case_10,Neda,Warning,,2022-08-07T21:03:51Z
Case_10,estonge,Fail,X-Rot (LR); Orbitofrontal/Eyes. Y-Scale (AP); Small; Occipital,2022-08-08T16:10:43Z
Case_10,vmadge,Fail,X-Rot (LR); Cerebellum/Tentorium. X-Scale (LR); Small. Y-Scale (AP); Small; Occipital,2022-08-08T23:51:52Z
Case_136,Sofia,Pass,,2022-08-02T22:29:22Z
Case_136,vfonov,Fail,Z-Scale (IS); Big,2022-08-04T14:07:16Z
Case_136,alexliv,Pass,X-Rot (LR); Orbitofrontal/Eyes,2022-08-05T00:48:18Z
Case_136,reza,Pass,X-Rot (LR); Cerebellum/Tentorium,2022-08-05T23:13:57Z
Case_136,dandrews.qrater,Pass,,2022-08-05T23:41:53Z
Case_136,Neda,Warning,X-Rot (LR); Cerebellum/Tentorium. Z-Scale (IS); Big,2022-08-07T21:43:59Z
Case_136,Neda,Pass,X-Rot (LR); Cerebellum/Tentorium. Z-Scale (IS); Big,2022-08-08T04:46:30Z
Case_136,estonge,Pass,,2022-08-08T17:27:17Z
Case_136,vmadge,Pass,X-Rot (LR); Cerebellum/Tentorium,2022-08-09T00:22:59Z
Case_33,Sofia,Pass,,2022-08-02T22:36:07Z
Case_33,vfonov,Fail,Z-Scale (IS); Big,2022-08-04T14:14:28Z
Case_33,alexliv,Pass,,2022-08-05T01:08:28Z
Case_33,dandrews.qrater,Pass,X-Rot (LR); Cerebellum/Tentorium,2022-08-06T00:17:52Z
Case_33,reza,Pass,X-Rot (LR); Cerebellum/Tentorium,2022-08-06T00:34:05Z
Case_33,reza,Warning,X-Rot (LR); Cerebellum/Tentorium,2022-08-08T00:58:40Z
Case_33,reza,Pass,X-Rot (LR); Cerebellum/Tentorium,2022-08-08T02:36:53Z
Case_33,reza,Pass,Cerebellum!. X-Rot (LR); Cerebellum/Tentorium,2022-08-08T02:49:40Z
Case_33,Neda,Warning,Z-Scale (IS); Big,2022-08-07T21:52:27Z
Case_33,estonge,Pass,,2022-08-08T17:36:04Z
Case_33,vmadge,Pass,X-Rot (LR); Cerebellum/Tentorium,2022-08-12T22:31:44Z
Case_89,Sofia,Pass,,2022-08-02T22:46:58Z
Case_89,vfonov,Pass,,2022-08-04T14:26:05Z
Case_89,alexliv,Pass,,2022-08-05T01:19:27Z
Case_89,dandrews.qrater,Pass,X-Rot (LR); Cerebellum/Tentorium,2022-08-06T00:39:59Z
Case_89,reza,Pass,,2022-08-06T21:38:34Z
Case_89,Neda,Pass,,2022-08-07T20:51:59Z
Case_89,estonge,Pass,,2022-08-08T18:06:11Z
Case_89,vmadge,Pass,,2022-08-12T22:59:43Z
Case_28,Sofia,Warning,X-Rot (LR); Orbitofrontal/Eyes,2022-08-02T22:35:00Z
Case_28,Sofia,Fail,X-Rot (LR); Orbitofrontal/Eyes,2022-08-02T22:52:49Z
Case_28,vfonov,Fail,X-Rot (LR); Orbitofrontal/Eyes,2022-08-04T14:12:45Z
Case_28,alexliv,Fail,X-Rot (LR); Orbitofrontal/Eyes. Z-Scale (IS); Small,2022-08-05T01:07:15Z
Case_28,reza,Fail,X-Rot (LR); Orbitofrontal/Eyes,2022-08-05T23:40:56Z
Case_28,dandrews.qrater,Warning,X-Rot (LR); Orbitofrontal/Eyes,2022-08-06T00:13:39Z
Case_28,dandrews.qrater,Fail,X-Rot (LR); Orbitofrontal/Eyes,2022-08-06T00:13:39Z
Case_28,Neda,Warning,X-Rot (LR); Cerebellum/Tentorium,2022-08-07T21:50:25Z
Case_28,estonge,Warning,X-Rot (LR); Orbitofrontal/Eyes,2022-08-08T17:34:15Z
Case_28,vmadge,Fail,X-Rot (LR); Orbitofrontal/Eyes,2022-08-12T22:28:16Z
Case_120,Sofia,Fail,Y-Scale (AP); Big; Frontal,2022-08-02T22:25:16Z
Case_120,vfonov,Fail,Y-Scale (AP); Big; Occipital,2022-08-04T13:55:04Z
Case_120,alexliv,Fail,Y-Scale (AP); Big; Frontal. Z-Scale (IS); Big,2022-08-05T00:37:47Z
Case_120,reza,Fail,Y-Scale (AP); Big; Frontal,2022-08-05T22:42:47Z
Case_120,dandrews.qrater,Fail,Y-Scale (AP); Big; Frontal. X-Rot (LR); Cerebellum/Tentorium,2022-08-05T23:21:58Z
Case_120,dandrews.qrater,Fail,y scale small frontal. Y-Scale (AP); Big; Frontal. X-Rot (LR); Cerebellum/Tentorium,2022-08-05T23:23:36Z
Case_120,dandrews.qrater,Fail,y scale small frontal. Y-Scale (AP); Big; Frontal. X-Rot (LR); Cerebellum/Tentorium,2022-08-05T23:23:50Z
Case_120,dandrews.qrater,Fail,y scale small frontal. Y-Scale (AP); Big; Frontal. X-Rot (LR); Cerebellum/Tentorium,2022-08-08T13:51:42Z
Case_120,Neda,Pending,Y-scale (AP); Small; Frontal. Y-Scale (AP); Big; Frontal. Z-Scale (IS); Big,2022-08-07T21:32:44Z
Case_120,Neda,Pending,Y-scale (AP); Small; Frontal. Y-Scale (AP); Big; Frontal. Z-Scale (IS); Big,2022-08-07T21:33:42Z
Case_120,estonge,Fail,Y-Scale (AP); Big; Frontal,2022-08-08T19:20:07Z
Case_120,vmadge,Fail,Y-Scale (AP); Big; Occipital. Y-Scale (AP); Big; Frontal. Z-Scale (IS); Big,2022-08-09T00:13:09Z
Case_46,Sofia,Fail,X-Scale (LR); Small. Y-Scale (AP); Small; Occipital. Z-Scale (IS); Small,2022-08-02T22:38:52Z
Case_46,vfonov,Fail,X-Scale (LR); Small. Y-Scale (AP); Small; Occipital. Z-Scale (IS); Small,2022-08-04T14:17:31Z
Case_46,alexliv,Fail,X-Scale (LR); Small. Y-Scale (AP); Small; Occipital. Z-Scale (IS); Small,2022-08-05T01:11:05Z
Case_46,dandrews.qrater,Fail,X-Scale (LR); Small. Y-Scale (AP); Small; Occipital. Z-Scale (IS); Small,2022-08-06T00:23:54Z
Case_46,reza,Fail,X-Scale (LR); Small. Y-Scale (AP); Small; Occipital. Z-Scale (IS); Small,2022-08-06T21:22:05Z
Case_46,Neda,Fail,,2022-08-07T22:07:17Z
Case_46,estonge,Fail,X-Scale (LR); Small. Y-Scale (AP); Small; Occipital. Z-Scale (IS); Small,2022-08-08T17:43:47Z
Case_46,vmadge,Fail,X-Rot (LR); Orbitofrontal/Eyes. X-Rot (LR); Cerebellum/Tentorium. X-Scale (LR); Small. Y-Scale (AP); Small; Occipital. Z-Scale (IS); Small,2022-08-12T22:42:05Z
Case_146,Sofia,Fail,X-Scale (LR); Small. Y-Scale (AP); Small; Occipital,2022-08-02T22:31:15Z
Case_146,vfonov,Fail,,2022-08-04T14:08:24Z
Case_146,alexliv,Fail,X-Scale (LR); Small. Y-Scale (AP); Small; Occipital. Z-Scale (IS); Small,2022-08-05T01:02:02Z
Case_146,reza,Fail,X-Scale (LR); Small. Y-Scale (AP); Small; Occipital,2022-08-05T23:21:17Z
Case_146,dandrews.qrater,Fail,X-Scale (LR); Small,2022-08-06T00:03:34Z
Case_146,Neda,Fail,,2022-08-07T21:45:22Z
Case_146,estonge,Fail,X-Scale (LR); Small,2022-08-08T17:29:28Z
Case_146,vmadge,Fail,,2022-08-12T23:06:50Z
Case_135,Sofia,Fail,Z-Scale (IS); Big,2022-08-02T22:29:11Z
Case_135,vfonov,Fail,X-Rot (LR); Orbitofrontal/Eyes. Z-Scale (IS); Big,2022-08-04T14:05:04Z
Case_135,alexliv,Fail,X-Rot (LR); Orbitofrontal/Eyes. X-Rot (LR); Cerebellum/Tentorium. Y-Scale (AP); Big; Occipital. Y-Scale (AP); Big; Frontal. Z-Scale (IS); Big,2022-08-05T00:47:45Z
Case_135,reza,Fail,Y-Scale (AP); Big; Occipital. Y-Scale (AP); Big; Frontal. Z-Scale (IS); Big,2022-08-05T23:13:43Z
Case_135,dandrews.qrater,Fail,,2022-08-05T23:41:22Z
Case_135,Neda,Fail,,2022-08-07T21:43:29Z
Case_135,estonge,Fail,,2022-08-08T17:26:34Z
Case_135,vmadge,Fail,X-Rot (LR); Orbitofrontal/Eyes. Y-Scale (AP); Big; Occipital. Y-Scale (AP); Big; Frontal. Z-Scale (IS); Big,2022-08-09T00:22:17Z
Case_29,Sofia,Fail,X-Rot (LR); Orbitofrontal/Eyes. Z-Scale (IS); Small,2022-08-02T22:35:15Z
Case_29,vfonov,Fail,X-Rot (LR); Orbitofrontal/Eyes. Z-Scale (IS); Small,2022-08-04T14:12:56Z
Case_29,alexliv,Fail,X-Rot (LR); Orbitofrontal/Eyes. X-Rot (LR); Cerebellum/Tentorium. Z-Scale (IS); Small,2022-08-05T01:07:32Z
Case_29,reza,Fail,X-Rot (LR); Orbitofrontal/Eyes. X-Rot (LR); Cerebellum/Tentorium,2022-08-05T23:41:34Z
Case_29,dandrews.qrater,Fail,X-Rot (LR); Orbitofrontal/Eyes,2022-08-06T00:13:54Z
Case_29,Neda,Fail,X-Rot (LR); Cerebellum/Tentorium,2022-08-07T21:50:49Z
Case_29,estonge,Fail,X-Rot (LR); Orbitofrontal/Eyes. Z-Scale (IS); Small,2022-08-08T19:21:14Z
Case_29,vmadge,Fail,X-Rot (LR); Orbitofrontal/Eyes. X-Rot (LR); Cerebellum/Tentorium. Z-Scale (IS); Small,2022-08-12T22:28:51Z
Case_132,Sofia,Fail,X-Rot (LR); Orbitofrontal/Eyes. Z-Scale (IS); Big,2022-08-02T22:28:13Z
Case_132,vfonov,Fail,,2022-08-04T14:03:48Z
Case_132,alexliv,Fail,X-Rot (LR); Orbitofrontal/Eyes. Z-Scale (IS); Big,2022-08-05T00:45:49Z
Case_132,reza,Fail,X-Rot (LR); Orbitofrontal/Eyes,2022-08-05T23:11:29Z
Case_132,dandrews.qrater,Fail,,2022-08-05T23:39:17Z
Case_132,Neda,Fail,X-Rot (LR); Cerebellum/Tentorium. Z-Scale (IS); Big,2022-08-07T21:42:53Z
Case_132,estonge,Fail,Z-Scale (IS); Small,2022-08-08T17:26:12Z
Case_132,vmadge,Fail,X-Rot (LR); Orbitofrontal/Eyes. Z-Scale (IS); Big,2022-08-09T00:21:30Z
Case_93,Sofia,Fail,X-Rot (LR); Orbitofrontal/Eyes,2022-08-02T22:47:50Z
Case_93,vfonov,Fail,X-Rot (LR); Orbitofrontal/Eyes,2022-08-04T14:26:45Z
Case_93,alexliv,Fail,X-Rot (LR); Orbitofrontal/Eyes. X-Rot (LR); Cerebellum/Tentorium,2022-08-05T01:20:19Z
Case_93,dandrews.qrater,Fail,X-Rot (LR); Orbitofrontal/Eyes,2022-08-06T00:42:12Z
Case_93,reza,Fail,X-Rot (LR); Orbitofrontal/Eyes,2022-08-06T21:39:36Z
Case_93,Neda,Fail,,2022-08-07T20:51:14Z
Case_93,estonge,Fail,X-Rot (LR); Orbitofrontal/Eyes,2022-08-08T18:11:14Z
Case_93,vmadge,Fail,X-Rot (LR); Orbitofrontal/Eyes,2022-08-12T23:01:49Z
Case_67,Sofia,Pass,,2022-08-02T22:43:01Z
Case_67,vfonov,Fail,Z-Scale (IS); Big,2022-08-04T14:20:47Z
Case_67,alexliv,Pass,Z-Scale (IS); Big,2022-08-05T01:14:46Z
Case_67,dandrews.qrater,Fail,Z-Scale (IS); Big,2022-08-06T00:31:29Z
Case_67,reza,Pass,X-Rot (LR); Cerebellum/Tentorium. X-Rot (LR); Orbitofrontal/Eyes,2022-08-06T21:30:28Z
Case_67,reza,Fail,X-Rot (LR); Cerebellum/Tentorium. X-Rot (LR); Orbitofrontal/Eyes,2022-08-08T01:08:36Z
Case_67,reza,Fail,X-Rot (LR); Cerebellum/Tentorium. X-Rot (LR); Orbitofrontal/Eyes,2022-08-08T01:08:41Z
Case_67,Neda,Warning,Z-Scale (IS); Big,2022-08-07T22:30:29Z
Case_67,Neda,Pass,Z-Scale (IS); Big,2022-08-08T04:44:10Z
Case_67,estonge,Warning,Z-Scale (IS); Big,2022-08-08T17:54:24Z
Case_67,vmadge,Fail,X-Rot (LR); Orbitofrontal/Eyes. X-Rot (LR); Cerebellum/Tentorium,2022-08-12T22:50:09Z
Case_21,Sofia,Fail,X-Rot (LR); Orbitofrontal/Eyes. X-Rot (LR); Cerebellum/Tentorium,2022-08-02T22:32:54Z
Case_21,vfonov,Fail,X-Rot (LR); Orbitofrontal/Eyes. X-Rot (LR); Cerebellum/Tentorium,2022-08-04T14:10:33Z
Case_21,alexliv,Fail,X-Rot (LR); Cerebellum/Tentorium. Z-Scale (IS); Small,2022-08-05T01:04:36Z
Case_21,reza,Fail,X-Rot (LR); Orbitofrontal/Eyes. Z-Scale (IS); Big,2022-08-05T23:29:30Z
Case_21,dandrews.qrater,Fail,,2022-08-06T00:10:22Z
Case_21,Neda,Fail,X-Rot (LR); Cerebellum/Tentorium,2022-08-07T21:48:10Z
Case_21,estonge,Fail,X-Rot (LR); Orbitofrontal/Eyes,2022-08-08T17:31:37Z
Case_21,vmadge,Fail,X-Rot (LR); Orbitofrontal/Eyes. X-Rot (LR); Cerebellum/Tentorium. X-Scale (LR); Small,2022-08-12T22:20:32Z
Case_75,Sofia,Pass,,2022-08-02T22:44:41Z
Case_75,vfonov,Fail,Z-Scale (IS); Small,2022-08-04T14:22:46Z
Case_75,alexliv,Fail,Z-Scale (IS); Small,2022-08-05T01:16:53Z
Case_75,dandrews.qrater,Fail,Z-Scale (IS); Small,2022-08-06T00:35:05Z
Case_75,reza,Warning,Z-Scale (IS); Small,2022-08-06T21:35:21Z
Case_75,reza,Fail,Z-Scale (IS); Small,2022-08-08T01:11:10Z
Case_75,Neda,Fail,,2022-08-07T22:25:54Z
Case_75,estonge,Warning,Z-Scale (IS); Small,2022-08-08T19:21:26Z
Case_75,vmadge,Fail,X-Rot (LR); Cerebellum/Tentorium. Z-Scale (IS); Small,2022-08-12T22:54:49Z
Case_140,Sofia,Pass,,2022-08-02T22:30:04Z
Case_140,vfonov,Pass,,2022-08-04T14:08:02Z
Case_140,alexliv,Pass,,2022-08-05T01:01:20Z
Case_140,reza,Pass,X-Rot (LR); Cerebellum/Tentorium,2022-08-05T23:18:17Z
Case_140,dandrews.qrater,Pass,,2022-08-05T23:44:39Z
Case_140,Neda,Fail,Z-Scale (IS); Big,2022-08-07T21:45:02Z
Case_140,estonge,Pass,,2022-08-08T17:28:25Z
Case_140,vmadge,Pass,X-Rot (LR); Cerebellum/Tentorium,2022-08-09T00:26:43Z
Case_35,Sofia,Pass,,2022-08-02T22:36:36Z
Case_35,vfonov,Fail,Z-Scale (IS); Big,2022-08-04T14:15:08Z
Case_35,alexliv,Pass,X-Rot (LR); Cerebellum/Tentorium,2022-08-05T01:09:09Z
Case_35,dandrews.qrater,Fail,Z-Scale (IS); Big,2022-08-06T00:19:59Z
Case_35,dandrews.qrater,Fail,Z-Scale (IS); Big,2022-08-06T00:20:17Z
Case_35,reza,Fail,Z-Scale (IS); Big. X-Rot (LR); Cerebellum/Tentorium,2022-08-06T00:34:38Z
Case_35,Neda,Warning,Z-Scale (IS); Big,2022-08-07T22:04:36Z
Case_35,estonge,Pass,,2022-08-08T17:36:31Z
Case_35,vmadge,Fail,X-Rot (LR); Cerebellum/Tentorium,2022-08-12T22:34:37Z
Case_48,Sofia,Fail,X-Rot (LR); Orbitofrontal/Eyes,2022-08-02T22:39:26Z
Case_48,vfonov,Fail,Z-Scale (IS); Small,2022-08-04T14:18:18Z
Case_48,alexliv,Fail,X-Rot (LR); Orbitofrontal/Eyes. X-Rot (LR); Cerebellum/Tentorium,2022-08-05T01:11:36Z
Case_48,dandrews.qrater,Fail,X-Rot (LR); Orbitofrontal/Eyes,2022-08-06T00:24:28Z
Case_48,reza,Pass,X-Rot (LR); Orbitofrontal/Eyes,2022-08-06T21:22:33Z
Case_48,reza,Fail,X-Rot (LR); Orbitofrontal/Eyes,2022-08-08T01:00:55Z
Case_48,Neda,Fail,X-Rot (LR); Orbitofrontal/Eyes. X-Rot (LR); Cerebellum/Tentorium,2022-08-07T22:08:02Z
Case_48,estonge,Fail,X-Rot (LR); Orbitofrontal/Eyes,2022-08-08T17:48:37Z
Case_48,vmadge,Fail,X-Rot (LR); Orbitofrontal/Eyes. X-Rot (LR); Cerebellum/Tentorium,2022-08-12T22:42:49Z
Case_116,Sofia,Fail,X-Rot (LR); Orbitofrontal/Eyes. Z-Scale (IS); Small,2022-08-02T22:23:28Z
Case_116,vfonov,Fail,Z-Scale (IS); Small,2022-08-04T13:53:59Z
Case_116,alexliv,Fail,Y-Scale (AP); Big; Occipital. Z-Scale (IS); Small,2022-08-05T00:36:25Z
Case_116,dandrews.qrater,Fail,X-Rot (LR); Orbitofrontal/Eyes,2022-08-05T21:04:23Z
Case_116,reza,Fail,X-Rot (LR); Orbitofrontal/Eyes,2022-08-05T22:39:55Z
Case_116,reza,Fail,X-Rot (LR); Orbitofrontal/Eyes,2022-08-05T22:40:23Z
Case_116,Neda,Fail,Y-Scale (AP); Big; Occipital. Z-Scale (IS); Small,2022-08-07T21:26:46Z
Case_116,estonge,Fail,Z-Scale (IS); Small,2022-08-08T17:19:46Z
Case_116,vmadge,Fail,X-Rot (LR); Orbitofrontal/Eyes. X-Rot (LR); Cerebellum/Tentorium. Y-Scale (AP); Big; Occipital,2022-08-09T00:11:22Z
Case_43,Sofia,Warning,X-Rot (LR); Cerebellum/Tentorium,2022-08-02T22:38:25Z
Case_43,vfonov,Fail,,2022-08-04T14:16:02Z
Case_43,alexliv,Fail,X-Rot (LR); Cerebellum/Tentorium,2022-08-05T01:10:42Z
Case_43,dandrews.qrater,Fail,X-Rot (LR); Cerebellum/Tentorium,2022-08-06T00:23:05Z
Case_43,reza,Pass,X-Rot (LR); Cerebellum/Tentorium,2022-08-06T21:21:13Z
Case_43,reza,Fail,X-Rot (LR); Cerebellum/Tentorium,2022-08-08T00:59:56Z
Case_43,Neda,Fail,,2022-08-07T22:30:02Z
Case_43,estonge,Fail,Z-Scale (IS); Big,2022-08-08T17:41:51Z
Case_43,vmadge,Fail,X-Rot (LR); Orbitofrontal/Eyes. X-Rot (LR); Cerebellum/Tentorium,2022-08-12T22:40:42Z
Case_74,Sofia,Pass,,2022-08-02T22:44:33Z
Case_74,vfonov,Pass,,2022-08-04T14:22:38Z
Case_74,alexliv,Pass,,2022-08-05T01:16:39Z
Case_74,dandrews.qrater,Pass,,2022-08-06T00:34:39Z
Case_74,reza,Pass,,2022-08-06T21:34:59Z
Case_74,Neda,Pass,,2022-08-07T22:25:23Z
Case_74,estonge,Pass,,2022-08-08T18:00:57Z
Case_74,vmadge,Pass,,2022-08-12T22:54:07Z
Case_58,Sofia,Pass,,2022-08-02T22:41:44Z
Case_58,vfonov,Pass,,2022-08-04T14:19:40Z
Case_58,alexliv,Pass,,2022-08-05T01:12:50Z
Case_58,dandrews.qrater,Fail,Y-Scale (AP); Big; Occipital,2022-08-06T00:25:51Z
Case_58,dandrews.qrater,Pass,Y-Scale (AP); Big; Occipital,2022-08-08T14:57:44Z
Case_58,reza,Pass,,2022-08-06T21:26:52Z
Case_58,Neda,Pass,,2022-08-07T22:13:25Z
Case_58,estonge,Pass,,2022-08-08T17:51:34Z
Case_58,vmadge,Pass,,2022-08-12T22:45:39Z
Case_122,Sofia,Pass,,2022-08-02T22:25:27Z
Case_122,vfonov,Pass,Z-Scale (IS); Big,2022-08-04T13:55:31Z
Case_122,alexliv,Pass,,2022-08-05T00:38:29Z
Case_122,reza,Pass,X-Rot (LR); Cerebellum/Tentorium,2022-08-05T22:43:09Z
Case_122,reza,Pass,X-Rot (LR); Cerebellum/Tentorium,2022-08-06T21:15:54Z
Case_122,reza,Fail,X-Rot (LR); Cerebellum/Tentorium,2022-08-08T00:43:27Z
Case_122,dandrews.qrater,Pass,Z-Scale (IS); Small,2022-08-05T23:24:06Z
Case_122,Neda,Warning,Z-Scale (IS); Big,2022-08-07T21:36:21Z
Case_122,estonge,Pass,,2022-08-08T17:22:11Z
Case_122,vmadge,Fail,X-Rot (LR); Orbitofrontal/Eyes,2022-08-09T00:13:53Z
Case_63,Sofia,Pass,,2022-08-02T22:42:32Z
Case_63,vfonov,Fail,Y-Scale (AP); Big; Frontal,2022-08-04T14:20:28Z
Case_63,alexliv,Pass,Y-Scale (AP); Big; Occipital,2022-08-05T01:14:11Z
Case_63,dandrews.qrater,Pass,Y-Scale (AP); Big; Occipital,2022-08-06T00:30:43Z
Case_63,reza,Pass,Y-Scale (AP); Big; Occipital,2022-08-06T21:29:44Z
Case_63,Neda,Fail,X-Rot (LR); Orbitofrontal/Eyes,2022-08-07T22:14:49Z
Case_63,estonge,Warning,Y-Scale (AP); Big; Occipital,2022-08-08T17:52:52Z
Case_63,vmadge,Fail,X-Rot (LR); Orbitofrontal/Eyes. Y-Scale (AP); Big; Occipital,2022-08-12T22:48:43Z
Case_106,Sofia,Pass,,2022-08-02T22:19:51Z
Case_106,vfonov,Fail,,2022-08-04T13:50:32Z
Case_106,alexliv,Pass,Z-Scale (IS); Small,2022-08-05T00:25:17Z
Case_106,dandrews.qrater,Pending,off center on coronal view LR axis. Z-Scale (IS); Small. X-Scale (LR); Small. Y-Scale (AP); Small; Occipital,2022-08-05T18:54:19Z
Case_106,reza,Fail,Z-Scale (IS); Small,2022-08-05T21:47:11Z
Case_106,Neda,Fail,Z-Scale (IS); Small,2022-08-07T21:22:24Z
Case_106,estonge,Warning,Z-Scale (IS); Small,2022-08-08T16:55:08Z
Case_106,estonge,Warning,shear. Z-Scale (IS); Small,2022-08-08T21:40:26Z
Case_106,vmadge,Fail,Y-Scale (AP); Big; Occipital. Z-Scale (IS); Small,2022-08-09T00:00:33Z
Case_68,Sofia,Fail,X-Rot (LR); Orbitofrontal/Eyes,2022-08-02T22:43:14Z
Case_68,vfonov,Fail,X-Rot (LR); Orbitofrontal/Eyes,2022-08-04T14:20:54Z
Case_68,alexliv,Fail,X-Rot (LR); Orbitofrontal/Eyes,2022-08-05T01:15:09Z
Case_68,dandrews.qrater,Fail,X-Rot (LR); Orbitofrontal/Eyes,2022-08-06T00:31:56Z
Case_68,reza,Fail,X-Rot (LR); Orbitofrontal/Eyes,2022-08-06T21:43:23Z
Case_68,Neda,Fail,X-Rot (LR); Cerebellum/Tentorium,2022-08-07T22:15:25Z
Case_68,estonge,Fail,X-Rot (LR); Orbitofrontal/Eyes,2022-08-08T17:54:38Z
Case_68,vmadge,Fail,X-Rot (LR); Orbitofrontal/Eyes. Y-Scale (AP); Big; Frontal,2022-08-12T22:50:39Z
Case_87,Sofia,Fail,X-Rot (LR); Orbitofrontal/Eyes. X-Rot (LR); Cerebellum/Tentorium,2022-08-02T22:46:33Z
Case_87,vfonov,Fail,Z-Scale (IS); Small,2022-08-04T14:25:10Z
Case_87,alexliv,Fail,X-Rot (LR); Orbitofrontal/Eyes. X-Rot (LR); Cerebellum/Tentorium,2022-08-05T01:19:02Z
Case_87,dandrews.qrater,Fail,X-Rot (LR); Cerebellum/Tentorium,2022-08-06T00:39:11Z
Case_87,reza,Fail,X-Rot (LR); Orbitofrontal/Eyes. X-Rot (LR); Cerebellum/Tentorium. Z-Scale (IS); Small,2022-08-06T21:37:50Z
Case_87,Neda,Fail,,2022-08-07T20:52:23Z
Case_87,estonge,Fail,X-Rot (LR); Orbitofrontal/Eyes. Z-Scale (IS); Small,2022-08-08T18:05:30Z
Case_87,vmadge,Fail,X-Rot (LR); Orbitofrontal/Eyes. X-Rot (LR); Cerebellum/Tentorium,2022-08-12T22:58:54Z
Case_5,Sofia,Fail,X-Rot (LR); Cerebellum/Tentorium. Y-Scale (AP); Big; Frontal,2022-08-02T22:39:52Z
Case_5,vfonov,Fail,X-Rot (LR); Orbitofrontal/Eyes,2022-08-04T14:18:31Z
Case_5,alexliv,Fail,X-Rot (LR); Orbitofrontal/Eyes. X-Rot (LR); Cerebellum/Tentorium,2022-08-05T01:11:51Z
Case_5,dandrews.qrater,Fail,Y-Scale (AP); Small; Occipital. X-Scale (LR); Small,2022-08-06T00:24:49Z
Case_5,reza,Pass,X-Scale (LR); Small,2022-08-06T21:23:16Z
Case_5,reza,Fail,X-Scale (LR); Small,2022-08-08T01:05:27Z
Case_5,Neda,Fail,,2022-08-07T22:08:21Z
Case_5,estonge,Fail,X-Rot (LR); Cerebellum/Tentorium. Y-Scale (AP); Small; Occipital,2022-08-08T17:49:48Z
Case_5,vmadge,Fail,X-Rot (LR); Cerebellum/Tentorium. Y-Scale (AP); Small; Occipital,2022-08-12T22:43:27Z
Case_18,Sofia,Fail,X-Rot (LR); Cerebellum/Tentorium,2022-08-02T22:31:58Z
Case_18,vfonov,Fail,Z-Scale (IS); Small,2022-08-04T14:09:32Z
Case_18,alexliv,Fail,X-Rot (LR); Cerebellum/Tentorium. X-Scale (LR); Small. Z-Scale (IS); Small,2022-08-05T01:03:41Z
Case_18,reza,Fail,X-Rot (LR); Cerebellum/Tentorium,2022-08-05T23:26:24Z
Case_18,dandrews.qrater,Fail,Z-Scale (IS); Small,2022-08-06T00:09:46Z
Case_18,Neda,Fail,Z-Scale (IS); Small,2022-08-07T21:46:54Z
Case_18,estonge,Fail,X-Rot (LR); Cerebellum/Tentorium,2022-08-08T17:30:28Z
Case_18,vmadge,Fail,Z-Scale (IS); Small,2022-08-12T22:18:17Z
Case_99,Sofia,Fail,X-Scale (LR); Small. Y-Scale (AP); Small; Occipital. Z-Scale (IS); Small,2022-08-02T22:48:30Z
Case_99,vfonov,Fail,X-Scale (LR); Small. Y-Scale (AP); Small; Occipital. Z-Scale (IS); Small,2022-08-04T14:27:22Z
Case_99,alexliv,Fail,X-Rot (LR); Orbitofrontal/Eyes. X-Rot (LR); Cerebellum/Tentorium. X-Scale (LR); Small. Y-Scale (AP); Small; Occipital. Z-Scale (IS); Small,2022-08-05T01:21:36Z
Case_99,dandrews.qrater,Fail,X-Scale (LR); Small. Y-Scale (AP); Small; Occipital. Z-Scale (IS); Small,2022-08-06T00:42:58Z
Case_99,reza,Fail,X-Rot (LR); Orbitofrontal/Eyes. X-Rot (LR); Cerebellum/Tentorium. X-Scale (LR); Small. Y-Scale (AP); Small; Occipital. Z-Scale (IS); Small,2022-08-06T21:42:39Z
Case_99,Neda,Fail,,2022-08-07T20:49:47Z
Case_99,estonge,Fail,X-Scale (LR); Small. Y-Scale (AP); Small; Occipital. Z-Scale (IS); Small,2022-08-08T18:15:05Z
Case_99,vmadge,Fail,X-Rot (LR); Orbitofrontal/Eyes. X-Rot (LR); Cerebellum/Tentorium. X-Scale (LR); Small. Y-Scale (AP); Small; Occipital. Z-Scale (IS); Small,2022-08-12T23:03:35Z
Case_119,Sofia,Fail,X-Rot (LR); Orbitofrontal/Eyes. Y-Scale (AP); Small; Occipital. Z-Scale (IS); Small,2022-08-02T22:24:15Z
Case_119,vfonov,Fail,X-Rot (LR); Orbitofrontal/Eyes. X-Rot (LR); Cerebellum/Tentorium,2022-08-04T13:54:24Z
Case_119,alexliv,Fail,X-Rot (LR); Orbitofrontal/Eyes. X-Rot (LR); Cerebellum/Tentorium. Y-Scale (AP); Small; Occipital. Z-Scale (IS); Small,2022-08-05T00:37:10Z
Case_119,reza,Fail,X-Rot (LR); Orbitofrontal/Eyes. Z-Scale (IS); Small,2022-08-05T22:42:08Z
Case_119,dandrews.qrater,Fail,,2022-08-05T23:21:21Z
Case_119,Neda,Fail,,2022-08-07T21:31:17Z
Case_119,estonge,Fail,X-Rot (LR); Cerebellum/Tentorium. Y-Scale (AP); Small; Occipital. Z-Scale (IS); Small,2022-08-08T17:21:21Z
Case_119,vmadge,Fail,,2022-08-09T00:12:01Z
Case_38,Sofia,Fail,X-Rot (LR); Orbitofrontal/Eyes,2022-08-02T22:37:08Z
Case_38,vfonov,Fail,X-Rot (LR); Orbitofrontal/Eyes. X-Rot (LR); Cerebellum/Tentorium,2022-08-04T14:15:42Z
Case_38,alexliv,Fail,X-Rot (LR); Orbitofrontal/Eyes. X-Rot (LR); Cerebellum/Tentorium,2022-08-05T01:09:41Z
Case_38,dandrews.qrater,Fail,X-Rot (LR); Orbitofrontal/Eyes,2022-08-06T00:21:18Z
Case_38,reza,Fail,X-Rot (LR); Orbitofrontal/Eyes,2022-08-06T21:19:23Z
Case_38,reza,Warning,X-Rot (LR); Orbitofrontal/Eyes,2022-08-06T21:19:24Z
Case_38,reza,Fail,X-Rot (LR); Orbitofrontal/Eyes,2022-08-06T21:19:26Z
Case_38,reza,Warning,X-Rot (LR); Orbitofrontal/Eyes,2022-08-06T21:19:27Z
Case_38,Neda,Fail,X-Rot (LR); Orbitofrontal/Eyes. X-Rot (LR); Cerebellum/Tentorium,2022-08-07T22:05:35Z
Case_38,estonge,Fail,X-Rot (LR); Orbitofrontal/Eyes,2022-08-08T17:38:19Z
Case_38,vmadge,Fail,X-Rot (LR); Orbitofrontal/Eyes. Y-Scale (AP); Big; Occipital. Y-Scale (AP); Big; Frontal,2022-08-12T22:37:04Z
Case_34,Sofia,Pass,,2022-08-02T22:36:19Z
Case_34,vfonov,Fail,Y-Scale (AP); Big; Occipital,2022-08-04T14:14:59Z
Case_34,alexliv,Pass,,2022-08-05T01:08:53Z
Case_34,dandrews.qrater,Fail,Y-Scale (AP); Big; Occipital,2022-08-06T00:18:54Z
Case_34,dandrews.qrater,Fail,Y-Scale (AP); Big; Occipital,2022-08-06T00:19:08Z
Case_34,dandrews.qrater,Pass,Y-Scale (AP); Big; Occipital,2022-08-08T14:25:10Z
Case_34,reza,Pass,Z-Scale (IS); Small,2022-08-06T00:34:17Z
Case_34,Neda,Warning,,2022-08-07T22:04:24Z
Case_34,estonge,Pass,,2022-08-08T17:36:17Z
Case_34,vmadge,Fail,X-Rot (LR); Orbitofrontal/Eyes,2022-08-12T22:33:23Z
Case_24,Sofia,Pass,,2022-08-02T22:33:57Z
Case_24,vfonov,Pass,,2022-08-04T14:11:20Z
Case_24,alexliv,Pass,,2022-08-05T01:05:33Z
Case_24,reza,Pass,,2022-08-05T23:39:29Z
Case_24,dandrews.qrater,Pass,,2022-08-06T00:12:00Z
Case_24,Neda,Warning,Z-Scale (IS); Big,2022-08-07T21:49:16Z
Case_24,Neda,Pass,Z-Scale (IS); Big,2022-08-08T04:42:55Z
Case_24,Neda,Warning,Z-Scale (IS); Big,2022-08-15T03:47:12Z
Case_24,estonge,Pass,,2022-08-08T17:33:09Z
Case_24,vmadge,Pass,X-Rot (LR); Cerebellum/Tentorium,2022-08-12T22:25:00Z
Case_13,Sofia,Pass,,2022-08-02T22:27:26Z
Case_13,vfonov,Fail,,2022-08-04T14:02:58Z
Case_13,alexliv,Fail,X-Rot (LR); Cerebellum/Tentorium. Y-Scale (AP); Small; Occipital,2022-08-05T00:45:11Z
Case_13,reza,Fail,Z-Scale (IS); Small,2022-08-05T23:10:30Z
Case_13,dandrews.qrater,Fail,,2022-08-05T23:37:29Z
Case_13,Neda,Fail,,2022-08-07T21:42:08Z
Case_13,estonge,Fail,Z-Scale (IS); Small,2022-08-08T17:25:42Z
Case_13,vmadge,Fail,X-Rot (LR); Cerebellum/Tentorium,2022-08-09T00:20:09Z
Case_69,Sofia,Fail,X-Rot (LR); Orbitofrontal/Eyes. Z-Scale (IS); Big,2022-08-02T22:43:34Z
Case_69,vfonov,Fail,,2022-08-04T14:21:01Z
Case_69,alexliv,Fail,X-Rot (LR); Orbitofrontal/Eyes. X-Rot (LR); Cerebellum/Tentorium. Z-Scale (IS); Big,2022-08-05T01:15:21Z
Case_69,dandrews.qrater,Fail,X-Rot (LR); Orbitofrontal/Eyes,2022-08-06T00:32:06Z
Case_69,reza,Fail,X-Rot (LR); Orbitofrontal/Eyes,2022-08-06T21:30:57Z
Case_69,Neda,Fail,X-Rot (LR); Orbitofrontal/Eyes. X-Rot (LR); Cerebellum/Tentorium. Z-Scale (IS); Big,2022-08-07T22:18:41Z
Case_69,estonge,Fail,X-Rot (LR); Orbitofrontal/Eyes,2022-08-08T17:54:54Z
Case_69,vmadge,Fail,X-Rot (LR); Orbitofrontal/Eyes. X-Rot (LR); Cerebellum/Tentorium. Z-Scale (IS); Big,2022-08-12T22:51:24Z
Case_7,Sofia,Pass,,2022-08-02T22:43:45Z
Case_7,vfonov,Fail,X-Scale (LR); Small,2022-08-04T14:21:22Z
Case_7,alexliv,Fail,Y-Scale (AP); Small; Occipital. Z-Scale (IS); Small,2022-08-05T01:15:47Z
Case_7,dandrews.qrater,Fail,X-Scale (LR); Small. Y-Scale (AP); Small; Occipital,2022-08-06T00:32:32Z
Case_7,reza,Pass,Y-Scale (AP); Small; Occipital,2022-08-06T21:31:17Z
Case_7,reza,Fail,Y-Scale (AP); Small; Occipital,2022-08-08T01:09:51Z
Case_7,Neda,Fail,,2022-08-07T22:19:25Z
Case_7,estonge,Pending,near. X-Scale (LR); Small. Y-Scale (AP); Small; Occipital,2022-08-08T17:56:08Z
Case_7,estonge,Pass,near. X-Scale (LR); Small. Y-Scale (AP); Small; Occipital,2022-08-08T17:56:10Z
Case_7,estonge,Warning,near. X-Scale (LR); Small. Y-Scale (AP); Small; Occipital,2022-08-08T19:25:32Z
Case_7,vmadge,Fail,X-Rot (LR); Cerebellum/Tentorium. Y-Scale (AP); Small; Occipital,2022-08-12T22:51:59Z
Case_129,Sofia,Warning,Y-Scale (AP); Big; Occipital. Y-Scale (AP); Big; Frontal,2022-08-02T22:27:15Z
Case_129,Sofia,Pass,Y-Scale (AP); Big; Occipital. Y-Scale (AP); Big; Frontal,2022-08-02T22:51:45Z
Case_129,vfonov,Fail,,2022-08-04T14:02:47Z
Case_129,alexliv,Fail,X-Rot (LR); Cerebellum/Tentorium. Y-Scale (AP); Big; Occipital. Y-Scale (AP); Big; Frontal,2022-08-05T00:44:31Z
Case_129,reza,Pass,Y-Scale (AP); Big; Occipital,2022-08-05T23:07:44Z
Case_129,dandrews.qrater,Fail,X-Rot (LR); Cerebellum/Tentorium. Y-Scale (AP); Big; Occipital,2022-08-05T23:36:53Z
Case_129,Neda,Fail,X-Rot (LR); Orbitofrontal/Eyes. Y-Scale (AP); Big; Frontal,2022-08-07T21:42:03Z
Case_129,estonge,Fail,Y-Scale (AP); Big; Occipital,2022-08-08T17:25:01Z
Case_129,vmadge,Fail,Y-Scale (AP); Big; Occipital. Y-Scale (AP); Big; Frontal,2022-08-09T00:19:27Z
Case_84,Sofia,Fail,,2022-08-02T22:46:09Z
Case_84,vfonov,Fail,Z-Scale (IS); Big,2022-08-04T14:23:57Z
Case_84,alexliv,Fail,,2022-08-05T01:18:26Z
Case_84,dandrews.qrater,Pending,total fail,2022-08-06T00:38:43Z
Case_84,reza,Fail,,2022-08-06T21:36:55Z
Case_84,Neda,Fail,,2022-08-07T22:27:39Z
Case_84,estonge,Fail,,2022-08-08T18:04:30Z
Case_84,vmadge,Fail,,2022-08-12T22:57:29Z
Case_133,Sofia,Fail,X-Scale (LR); Small,2022-08-02T22:28:57Z
Case_133,vfonov,Fail,,2022-08-04T14:04:28Z
Case_133,alexliv,Pending,Off-center. Y-Scale (AP); Small; Occipital. Z-Scale (IS); Big,2022-08-05T00:47:24Z
Case_133,reza,Fail,Y-Scale (AP); Big; Frontal. Z-Scale (IS); Big,2022-08-05T23:13:20Z
Case_133,dandrews.qrater,Fail,Y-Scale (AP); Small; Occipital. Y-Scale (AP); Big; Frontal. Z-Scale (IS); Big,2022-08-05T23:41:17Z
Case_133,Neda,Fail,,2022-08-07T21:43:14Z
Case_133,estonge,Fail,,2022-08-08T17:26:30Z
Case_133,vmadge,Fail,,2022-08-09T00:21:47Z
Case_9,Sofia,Pass,,2022-08-02T22:47:08Z
Case_9,vfonov,Pass,,2022-08-04T14:26:14Z
Case_9,alexliv,Pass,,2022-08-05T01:19:41Z
Case_9,dandrews.qrater,Pass,Z-Scale (IS); Big,2022-08-06T00:40:22Z
Case_9,reza,Pass,,2022-08-06T21:38:45Z
Case_9,Neda,Pass,,2022-08-07T20:51:46Z
Case_9,estonge,Pass,,2022-08-08T18:06:56Z
Case_9,vmadge,Pass,Y-Scale (AP); Big; Occipital,2022-08-12T23:00:36Z
Case_32,Sofia,Fail,X-Scale (LR); Small. Z-Scale (IS); Small,2022-08-02T22:35:56Z
Case_32,vfonov,Fail,X-Rot (LR); Orbitofrontal/Eyes. X-Scale (LR); Small,2022-08-04T14:14:12Z
Case_32,alexliv,Fail,X-Rot (LR); Orbitofrontal/Eyes. Z-Scale (IS); Small,2022-08-05T01:08:07Z
Case_32,dandrews.qrater,Fail,X-Rot (LR); Orbitofrontal/Eyes,2022-08-06T00:16:56Z
Case_32,reza,Fail,X-Rot (LR); Orbitofrontal/Eyes. X-Scale (LR); Small. Y-Scale (AP); Small; Occipital. Z-Scale (IS); Small,2022-08-06T00:25:35Z
Case_32,Neda,Fail,X-Rot (LR); Cerebellum/Tentorium,2022-08-07T21:51:34Z
Case_32,estonge,Fail,X-Scale (LR); Small. Z-Scale (IS); Small,2022-08-08T17:35:35Z
Case_32,vmadge,Warning,X-Rot (LR); Orbitofrontal/Eyes. X-Rot (LR); Cerebellum/Tentorium. X-Scale (LR); Small. Y-Scale (AP); Small; Occipital,2022-08-12T22:30:43Z
Case_80,Sofia,Pass,,2022-08-02T22:45:29Z
Case_80,vfonov,Pass,,2022-08-04T14:23:39Z
Case_80,alexliv,Pass,,2022-08-05T01:18:03Z
Case_80,dandrews.qrater,Fail,Y-Scale (AP); Big; Frontal. Z-Scale (IS); Big,2022-08-06T00:38:03Z
Case_80,dandrews.qrater,Pass,Y-Scale (AP); Big; Frontal. Z-Scale (IS); Big,2022-08-06T00:38:06Z
Case_80,dandrews.qrater,Fail,Y-Scale (AP); Big; Frontal. Z-Scale (IS); Big,2022-08-06T00:38:20Z
Case_80,dandrews.qrater,Pass,Y-Scale (AP); Big; Frontal. Z-Scale (IS); Big,2022-08-08T15:10:17Z
Case_80,reza,Pass,Z-Scale (IS); Big,2022-08-06T21:36:01Z
Case_80,Neda,Warning,Z-Scale (IS); Big,2022-08-07T22:27:21Z
Case_80,Neda,Pass,Z-Scale (IS); Big,2022-08-08T04:53:00Z
Case_80,Neda,Warning,Z-Scale (IS); Big,2022-08-15T03:50:49Z
Case_80,estonge,Pending,near,2022-08-08T18:04:13Z
Case_80,vmadge,Pass,Y-Scale (AP); Big; Frontal,2022-08-12T22:56:46Z
Case_4,Sofia,Pass,,2022-08-02T22:37:52Z
Case_4,vfonov,Pass,,2022-08-04T14:15:57Z
Case_4,alexliv,Fail,Y-Scale (AP); Big; Occipital,2022-08-05T01:10:23Z
Case_4,dandrews.qrater,Fail,Y-Scale (AP); Big; Occipital,2022-08-06T00:22:56Z
Case_4,reza,Pass,,2022-08-06T21:20:25Z
Case_4,Neda,Warning,,2022-08-07T22:06:16Z
Case_4,estonge,Pass,,2022-08-08T17:38:43Z
Case_4,vmadge,Pass,Y-Scale (AP); Big; Occipital,2022-08-12T22:39:26Z
Case_1,alexliv,Pass,Y-Scale (AP); Big; Occipital. X-Rot (LR); Orbitofrontal/Eyes. X-Rot (LR); Cerebellum/Tentorium,2022-08-01T19:26:04Z
Case_1,Sofia,Fail,X-Rot (LR); Orbitofrontal/Eyes. Y-Scale (AP); Small; Occipital,2022-08-02T22:16:54Z
Case_1,vfonov,Fail,X-Rot (LR); Orbitofrontal/Eyes. X-Rot (LR); Cerebellum/Tentorium,2022-08-04T13:47:15Z
Case_1,dandrews.qrater,Warning,Z-Scale (IS); Big,2022-08-05T17:20:58Z
Case_1,dandrews.qrater,Fail,Z-Scale (IS); Big,2022-08-05T17:22:42Z
Case_1,dandrews.qrater,Fail,Z-Scale (IS); Big,2022-08-05T20:50:58Z
Case_1,dandrews.qrater,Fail,Z-Scale (IS); Big,2022-08-05T23:20:42Z
Case_1,dandrews.qrater,Fail,Z-Scale (IS); Big,2022-08-06T00:05:15Z
Case_1,reza,Fail,X-Rot (LR); Orbitofrontal/Eyes. X-Rot (LR); Cerebellum/Tentorium. Z-Scale (IS); Big,2022-08-05T21:41:06Z
Case_1,Neda,Pass,X-Rot (LR); Cerebellum/Tentorium,2022-08-07T20:50:13Z
Case_1,Neda,Warning,X-Rot (LR); Cerebellum/Tentorium,2022-08-07T21:02:58Z
Case_1,estonge,Fail,X-Rot (LR); Orbitofrontal/Eyes,2022-08-08T16:04:44Z
Case_1,vmadge,Fail,X-Rot (LR); Orbitofrontal/Eyes. X-Rot (LR); Cerebellum/Tentorium. Y-Scale (AP); Small; Occipital,2022-08-08T23:50:04Z
Case_47,Sofia,Warning,X-Rot (LR); Orbitofrontal/Eyes. X-Rot (LR); Cerebellum/Tentorium. Y-Scale (AP); Big; Occipital,2022-08-02T22:39:14Z
Case_47,vfonov,Fail,Y-Scale (AP); Big; Frontal,2022-08-04T14:17:50Z
Case_47,alexliv,Fail,X-Rot (LR); Orbitofrontal/Eyes. X-Rot (LR); Cerebellum/Tentorium. Y-Scale (AP); Big; Occipital,2022-08-05T01:11:23Z
Case_47,dandrews.qrater,Fail,X-Rot (LR); Orbitofrontal/Eyes. X-Rot (LR); Cerebellum/Tentorium. Y-Scale (AP); Big; Occipital,2022-08-06T00:24:13Z
Case_47,reza,Pass,Y-Scale (AP); Big; Occipital,2022-08-06T21:22:20Z
Case_47,reza,Fail,Y-Scale (AP); Big; Occipital,2022-08-08T01:00:31Z
Case_47,Neda,Fail,Y-Scale (AP); Small; Occipital,2022-08-07T22:07:45Z
Case_47,estonge,Fail,Y-Scale (AP); Big; Occipital,2022-08-08T17:44:04Z
Case_47,vmadge,Fail,X-Rot (LR); Orbitofrontal/Eyes. X-Rot (LR); Cerebellum/Tentorium. Y-Scale (AP); Big; Occipital,2022-08-12T22:42:26Z
Case_14,Sofia,Pass,,2022-08-02T22:29:52Z
Case_14,vfonov,Pass,,2022-08-04T14:07:51Z
Case_14,alexliv,Pass,Z-Scale (IS); Big,2022-08-05T01:00:46Z
Case_14,reza,Pass,Z-Scale (IS); Big,2022-08-05T23:17:51Z
Case_14,dandrews.qrater,Pass,,2022-08-05T23:42:58Z
Case_14,Neda,Pass,Y-Scale (AP); Big; Occipital,2022-08-07T21:44:46Z
Case_14,estonge,Pass,,2022-08-08T17:28:08Z
Case_14,vmadge,Pass,Y-Scale (AP); Big; Occipital,2022-08-09T00:24:23Z
Case_111,Sofia,Pass,,2022-08-02T22:20:49Z
Case_111,vfonov,Fail,Y-Scale (AP); Big; Frontal,2022-08-04T13:52:10Z
Case_111,alexliv,Fail,X-Rot (LR); Orbitofrontal/Eyes. Y-Scale (AP); Big; Occipital,2022-08-05T00:33:39Z
Case_111,dandrews.qrater,Fail,Y-Scale (AP); Big; Occipital,2022-08-05T19:05:00Z
Case_111,reza,Pass,,2022-08-05T22:33:30Z
Case_111,reza,Fail,,2022-08-05T22:34:05Z
Case_111,reza,Pass,,2022-08-08T00:33:34Z
Case_111,reza,Pass,,2022-08-08T00:33:37Z
Case_111,Neda,Fail,Y-Scale (AP); Big; Occipital,2022-08-07T21:24:06Z
Case_111,estonge,Fail,Z-Scale (IS); Big,2022-08-08T17:00:44Z
Case_111,vmadge,Pass,Y-Scale (AP); Big; Occipital,2022-08-09T00:05:02Z
Case_124,Sofia,Pass,,2022-08-02T22:25:56Z
Case_124,vfonov,Fail,Z-Scale (IS); Big,2022-08-04T14:01:35Z
Case_124,alexliv,Fail,X-Rot (LR); Orbitofrontal/Eyes. Z-Scale (IS); Small,2022-08-05T00:43:08Z
Case_124,reza,Pass,X-Rot (LR); Cerebellum/Tentorium,2022-08-05T22:45:28Z
Case_124,reza,Fail,X-Rot (LR); Cerebellum/Tentorium,2022-08-08T00:49:17Z
Case_124,reza,Pass,X-Rot (LR); Cerebellum/Tentorium,2022-08-08T00:49:35Z
Case_124,reza,Pass,I really don't know what to do with this one. Cerebellum . X-Rot (LR); Cerebellum/Tentorium,2022-08-08T00:49:55Z
Case_124,reza,Pass,I really don't know what to do with this one. Cerebellum is torturing me.. X-Rot (LR); Cerebellum/Tentorium,2022-08-08T00:50:29Z
Case_124,reza,Pass,I really don't know what to do with this one. Cerebellum is torturing me.. X-Rot (LR); Cerebellum/Tentorium,2022-08-08T00:50:32Z
Case_124,dandrews.qrater,Pass,,2022-08-05T23:27:25Z
Case_124,Neda,Warning,Z-Scale (IS); Big,2022-08-07T21:39:40Z
Case_124,estonge,Pass,,2022-08-08T17:23:52Z
Case_124,vmadge,Pass,X-Rot (LR); Cerebellum/Tentorium,2022-08-09T00:15:46Z
Case_59,Sofia,Fail,X-Rot (LR); Cerebellum/Tentorium,2022-08-02T22:42:00Z
Case_59,vfonov,Fail,Z-Scale (IS); Small,2022-08-04T14:19:46Z
Case_59,alexliv,Fail,X-Rot (LR); Cerebellum/Tentorium,2022-08-05T01:13:06Z
Case_59,dandrews.qrater,Fail,X-Rot (LR); Cerebellum/Tentorium,2022-08-06T00:30:07Z
Case_59,reza,Fail,X-Rot (LR); Cerebellum/Tentorium,2022-08-06T21:27:03Z
Case_59,Neda,Fail,Z-Scale (IS); Small,2022-08-07T22:13:33Z
Case_59,estonge,Fail,Z-Scale (IS); Small,2022-08-08T17:51:53Z
Case_59,vmadge,Fail,X-Rot (LR); Orbitofrontal/Eyes. X-Rot (LR); Cerebellum/Tentorium. Y-Scale (AP); Big; Occipital,2022-08-12T22:46:27Z
Case_6,Sofia,Fail,X-Rot (LR); Orbitofrontal/Eyes. X-Rot (LR); Cerebellum/Tentorium,2022-08-02T22:42:11Z
Case_6,vfonov,Fail,Z-Scale (IS); Big,2022-08-04T14:19:53Z
Case_6,alexliv,Fail,X-Rot (LR); Orbitofrontal/Eyes. X-Rot (LR); Cerebellum/Tentorium,2022-08-05T01:13:26Z
Case_6,dandrews.qrater,Fail,X-Rot (LR); Orbitofrontal/Eyes,2022-08-06T00:30:17Z
Case_6,reza,Fail,X-Rot (LR); Orbitofrontal/Eyes,2022-08-06T21:29:20Z
Case_6,Neda,Fail,X-Rot (LR); Orbitofrontal/Eyes. X-Rot (LR); Cerebellum/Tentorium,2022-08-07T22:13:46Z
Case_6,estonge,Fail,X-Rot (LR); Orbitofrontal/Eyes. Y-Scale (AP); Small; Occipital. Z-Scale (IS); Small,2022-08-08T17:52:16Z
Case_6,vmadge,Fail,X-Rot (LR); Orbitofrontal/Eyes. X-Rot (LR); Cerebellum/Tentorium. Y-Scale (AP); Big; Frontal,2022-08-12T22:47:36Z
