Case_127,Sofia,Pass,
Case_127,vfonov,Pass,
Case_127,alexliv,Fail,X-Rot (LR); Orbitofrontal/Eyes. X-Rot (LR); Cerebellum/Tentorium
Case_127,reza,Fail,X-Rot (LR); Orbitofrontal/Eyes
Case_127,dandrews.qrater,Fail,
Case_127,Neda,Fail,Z-Scale (IS); Small
Case_127,estonge,Pass,
Case_127,vmadge,Fail,X-Rot (LR); Orbitofrontal/Eyes
Case_27,Sofia,Pass,
Case_27,vfonov,Fail,Y-Scale (AP); Big; Frontal
Case_27,alexliv,Pass,X-Rot (LR); Orbitofrontal/Eyes
Case_27,reza,Fail,Z-Scale (IS); Big
Case_27,dandrews.qrater,Pass,X-Rot (LR); Cerebellum/Tentorium
Case_27,Neda,Fail,Z-Scale (IS); Big
Case_27,estonge,Pass,
Case_27,vmadge,Pass,X-Rot (LR); Cerebellum/Tentorium
Case_104,Sofia,Fail,X-Rot (LR); Orbitofrontal/Eyes
Case_104,vfonov,Fail,X-Rot (LR); Orbitofrontal/Eyes. X-Rot (LR); Cerebellum/Tentorium
Case_104,alexliv,Fail,X-Rot (LR); Orbitofrontal/Eyes
Case_104,dandrews.qrater,Fail,X-Rot (LR); Orbitofrontal/Eyes
Case_104,reza,Fail,X-Rot (LR); Orbitofrontal/Eyes
Case_104,Neda,Fail,X-Rot (LR); Cerebellum/Tentorium
Case_104,estonge,Fail,X-Rot (LR); Orbitofrontal/Eyes
Case_104,vmadge,Fail,X-Rot (LR); Orbitofrontal/Eyes
Case_20,Sofia,Fail,Z-Scale (IS); Big
Case_20,vfonov,Fail,Z-Scale (IS); Big
Case_20,alexliv,Fail,Z-Scale (IS); Big
Case_20,reza,Fail,Z-Scale (IS); Big
Case_20,dandrews.qrater,Fail,Z-Scale (IS); Big
Case_20,Neda,Fail,
Case_20,estonge,Fail,Z-Scale (IS); Small
Case_20,vmadge,Fail,Z-Scale (IS); Big
Case_95,Sofia,Pass,
Case_95,vfonov,Fail,Z-Scale (IS); Big
Case_95,alexliv,Pass,X-Rot (LR); Cerebellum/Tentorium
Case_95,dandrews.qrater,Pass,X-Rot (LR); Cerebellum/Tentorium
Case_95,reza,Fail,X-Rot (LR); Cerebellum/Tentorium
Case_95,Neda,Fail,Y-Scale (AP); Big; Occipital. Y-Scale (AP); Big; Frontal. Z-Scale (IS); Big
Case_95,estonge,Fail,Y-Scale (AP); Small; Occipital. Z-Scale (IS); Small
Case_95,vmadge,Fail,X-Rot (LR); Cerebellum/Tentorium. X-Scale (LR); Small
Case_103,alexliv,Pass,
Case_103,Sofia,Pass,X-Rot (LR); Cerebellum/Tentorium
Case_103,vfonov,Fail,Z-Scale (IS); Big
Case_103,dandrews.qrater,Pass,X-Rot (LR); Cerebellum/Tentorium
Case_103,reza,Fail,X-Rot (LR); Cerebellum/Tentorium
Case_103,Neda,Fail,Z-Scale (IS); Big
Case_103,estonge,Fail,X-Scale (LR); Small. Y-Scale (AP); Small; Occipital
Case_103,vmadge,Fail,X-Rot (LR); Cerebellum/Tentorium. X-Scale (LR); Small. Y-Scale (AP); Small; Occipital
Case_107,Sofia,Pass,
Case_107,vfonov,Pass,
Case_107,alexliv,Pass,
Case_107,dandrews.qrater,Pass,Z-Scale (IS); Big
Case_107,reza,Fail,Z-Scale (IS); Big
Case_107,Neda,Pass,
Case_107,estonge,Pass,
Case_107,vmadge,Pass,Z-Scale (IS); Small
Case_90,Sofia,Pass,
Case_90,vfonov,Pass,
Case_90,alexliv,Pass,
Case_90,dandrews.qrater,Pass,also big LR. Y-Scale (AP); Big; Occipital. Y-Scale (AP); Big; Frontal
Case_90,reza,Fail,Y-Scale (AP); Big; Occipital
Case_90,Neda,Fail,Y-Scale (AP); Big; Occipital
Case_90,estonge,Pass,
Case_90,vmadge,Fail,X-Rot (LR); Cerebellum/Tentorium. Y-Scale (AP); Big; Occipital
Case_71,Sofia,Pass,
Case_71,vfonov,Pass,
Case_71,alexliv,Pass,
Case_71,dandrews.qrater,Pass,Y-Scale (AP); Big; Occipital
Case_71,reza,Fail,Y-Scale (AP); Big; Occipital
Case_71,Neda,Fail,Y-Scale (AP); Big; Occipital
Case_71,estonge,Pass,"near. X-Scale (LR); Small. Y-Scale (AP); Small; Occipital"
Case_71,vmadge,Pass,Y-Scale (AP); Big; Occipital
Case_105,Sofia,Pass,X-Rot (LR); Cerebellum/Tentorium. Z-Scale (IS); Big
Case_105,vfonov,Fail,Z-Scale (IS); Big
Case_105,alexliv,Fail,X-Rot (LR); Cerebellum/Tentorium
Case_105,dandrews.qrater,Fail,Z-Scale (IS); Big. X-Rot (LR); Cerebellum/Tentorium
Case_105,reza,Fail,Z-Scale (IS); Big
Case_105,Neda,Fail,Z-Scale (IS); Big
Case_105,estonge,Fail,Z-Scale (IS); Big
Case_105,vmadge,Fail,X-Rot (LR); Cerebellum/Tentorium. Y-Scale (AP); Big; Frontal. Z-Scale (IS); Big
Case_112,Sofia,Pass,
Case_112,vfonov,Fail,Z-Scale (IS); Big
Case_112,alexliv,Fail,Z-Scale (IS); Big
Case_112,dandrews.qrater,Pass,
Case_112,reza,Fail,Z-Scale (IS); Big. Y-Scale (AP); Big; Occipital
Case_112,Neda,Fail,Z-Scale (IS); Big
Case_112,estonge,Pass,"Z small (only by a little)"
Case_112,vmadge,Pass,
Case_2,Sofia,Pass,
Case_2,vfonov,Fail,X-Scale (LR); Small. Y-Scale (AP); Small; Occipital. Z-Scale (IS); Small
Case_2,alexliv,Fail,Y-Scale (AP); Small; Occipital. Z-Scale (IS); Small
Case_2,reza,Fail,Y-Scale (AP); Small; Occipital
Case_2,dandrews.qrater,Fail,X-Rot (LR); Cerebellum/Tentorium
Case_2,Neda,Fail,Z-Scale (IS); Small
Case_2,estonge,Fail,X-Scale (LR); Small. Z-Scale (IS); Small
Case_2,vmadge,Fail,X-Rot (LR); Cerebellum/Tentorium. Y-Scale (AP); Small; Occipital. Z-Scale (IS); Small
Case_30,Sofia,Fail,X-Scale (LR); Small. Z-Scale (IS); Small
Case_30,vfonov,Fail,X-Scale (LR); Small. Y-Scale (AP); Small; Occipital. Z-Scale (IS); Small
Case_30,alexliv,Fail,Z-Scale (IS); Small
Case_30,reza,Fail,X-Scale (LR); Small. Y-Scale (AP); Small; Occipital. Z-Scale (IS); Small
Case_30,dandrews.qrater,Fail,X-Scale (LR); Small. Y-Scale (AP); Small; Occipital. Z-Scale (IS); Small
Case_30,Neda,Fail,
Case_30,estonge,Fail,X-Scale (LR); Small. Y-Scale (AP); Small; Occipital. Z-Scale (IS); Small
Case_30,vmadge,Fail,X-Rot (LR); Orbitofrontal/Eyes. X-Rot (LR); Cerebellum/Tentorium. Y-Scale (AP); Small; Occipital. Z-Scale (IS); Small
Case_110,Sofia,Pass,
Case_110,vfonov,Pass,
Case_110,alexliv,Pass,
Case_110,dandrews.qrater,Pass, x-scale big in cerebellum
Case_110,reza,Pass,
Case_110,Neda,Pass,
Case_110,estonge,Pass,
Case_110,vmadge,Pass,Y-Scale (AP); Big; Occipital
Case_36,Sofia,Pass,
Case_36,vfonov,Pass,
Case_36,alexliv,Pass,
Case_36,dandrews.qrater,Fail,X-Scale (LR); Small
Case_36,reza,Pass,
Case_36,Neda,Pass,
Case_36,estonge,Pass,
Case_36,vmadge,Pass,X-Scale (LR); Small
Case_114,Sofia,Fail,Z-Scale (IS); Small
Case_114,vfonov,Fail,X-Scale (LR); Small. Y-Scale (AP); Small; Occipital. Z-Scale (IS); Small
Case_114,alexliv,Fail,X-Scale (LR); Small. Y-Scale (AP); Small; Occipital. Z-Scale (IS); Small
Case_114,dandrews.qrater,Fail,
Case_114,reza,Fail,X-Scale (LR); Small. Y-Scale (AP); Small; Occipital. Z-Scale (IS); Small
Case_114,Neda,Fail,
Case_114,estonge,Fail,X-Scale (LR); Small. Z-Scale (IS); Small
Case_114,vmadge,Fail,X-Rot (LR); Orbitofrontal/Eyes. Y-Scale (AP); Small; Occipital. Z-Scale (IS); Small
Case_23,Sofia,Pass,X-Rot (LR); Orbitofrontal/Eyes
Case_23,vfonov,Fail,X-Rot (LR); Orbitofrontal/Eyes
Case_23,alexliv,Fail,X-Rot (LR); Orbitofrontal/Eyes. X-Rot (LR); Cerebellum/Tentorium. Z-Scale (IS); Big
Case_23,reza,Fail,X-Rot (LR); Orbitofrontal/Eyes. X-Rot (LR); Cerebellum/Tentorium
Case_23,dandrews.qrater,Fail,X-Rot (LR); Orbitofrontal/Eyes
Case_23,Neda,Fail,X-Rot (LR); Orbitofrontal/Eyes. X-Rot (LR); Cerebellum/Tentorium
Case_23,estonge,Fail,X-Rot (LR); Orbitofrontal/Eyes
Case_23,vmadge,Fail,X-Rot (LR); Orbitofrontal/Eyes. X-Rot (LR); Cerebellum/Tentorium. Y-Scale (AP); Big; Occipital
Case_55,Sofia,Fail,X-Scale (LR); Small. Z-Scale (IS); Small
Case_55,vfonov,Fail,X-Scale (LR); Small. Y-Scale (AP); Small; Occipital. Z-Scale (IS); Small
Case_55,alexliv,Fail,X-Rot (LR); Orbitofrontal/Eyes. X-Rot (LR); Cerebellum/Tentorium. Z-Scale (IS); Small
Case_55,dandrews.qrater,Fail,X-Scale (LR); Small. Y-Scale (AP); Small; Occipital. Z-Scale (IS); Small
Case_55,reza,Fail,X-Scale (LR); Small. Y-Scale (AP); Small; Occipital. Z-Scale (IS); Small
Case_55,Neda,Fail,X-Rot (LR); Orbitofrontal/Eyes
Case_55,estonge,Fail,X-Scale (LR); Small. Y-Scale (AP); Small; Occipital. Z-Scale (IS); Small
Case_55,vmadge,Fail,X-Rot (LR); Orbitofrontal/Eyes. X-Rot (LR); Cerebellum/Tentorium. X-Scale (LR); Small. Y-Scale (AP); Small; Occipital. Z-Scale (IS); Small
Case_108,Sofia,Pass,
Case_108,vfonov,Fail,Z-Scale (IS); Big
Case_108,alexliv,Fail,X-Rot (LR); Orbitofrontal/Eyes. Z-Scale (IS); Big
Case_108,dandrews.qrater,Pass,Z-Scale (IS); Big. X-Rot (LR); Cerebellum/Tentorium
Case_108,reza,Fail,Z-Scale (IS); Big
Case_108,Neda,Fail,Z-Scale (IS); Big
Case_108,estonge,Fail,X-Rot (LR); Orbitofrontal/Eyes. Z-Scale (IS); Small
Case_108,vmadge,Fail,X-Rot (LR); Cerebellum/Tentorium. Y-Scale (AP); Big; Occipital
Case_39,Sofia,Pass,
Case_39,vfonov,Fail,Z-Scale (IS); Big
Case_39,alexliv,Fail,X-Rot (LR); Cerebellum/Tentorium. Y-Scale (AP); Big; Occipital. Y-Scale (AP); Big; Frontal. Z-Scale (IS); Big
Case_39,dandrews.qrater,Pass,Z-Scale (IS); Big
Case_39,reza,Fail,Z-Scale (IS); Big
Case_39,Neda,Fail,Z-Scale (IS); Big
Case_39,estonge,Fail,X-Rot (LR); Cerebellum/Tentorium. Z-Scale (IS); Small
Case_39,vmadge,Fail,X-Rot (LR); Cerebellum/Tentorium. Z-Scale (IS); Big
Case_150,Sofia,Fail,X-Rot (LR); Orbitofrontal/Eyes
Case_150,vfonov,Fail,X-Rot (LR); Orbitofrontal/Eyes. X-Rot (LR); Cerebellum/Tentorium
Case_150,alexliv,Pass,X-Rot (LR); Orbitofrontal/Eyes. X-Rot (LR); Cerebellum/Tentorium. Z-Scale (IS); Small
Case_150,reza,Fail,X-Rot (LR); Orbitofrontal/Eyes
Case_150,dandrews.qrater,Fail,
Case_150,Neda,Fail,X-Rot (LR); Cerebellum/Tentorium
Case_150,estonge,Fail,X-Rot (LR); Orbitofrontal/Eyes
Case_150,vmadge,Fail,X-Rot (LR); Orbitofrontal/Eyes. X-Rot (LR); Cerebellum/Tentorium. Y-Scale (AP); Small; Occipital
Case_54,Sofia,Fail,X-Rot (LR); Orbitofrontal/Eyes
Case_54,vfonov,Fail,
Case_54,alexliv,Fail,X-Rot (LR); Orbitofrontal/Eyes. X-Rot (LR); Cerebellum/Tentorium
Case_54,dandrews.qrater,Fail,X-Rot (LR); Orbitofrontal/Eyes
Case_54,reza,Fail,X-Rot (LR); Orbitofrontal/Eyes
Case_54,Neda,Fail,
Case_54,estonge,Fail,X-Rot (LR); Orbitofrontal/Eyes. Z-Scale (IS); Small
Case_54,vmadge,Fail,X-Rot (LR); Orbitofrontal/Eyes. X-Rot (LR); Cerebellum/Tentorium
Case_143,Sofia,Pass,X-Scale (LR); Small. Z-Scale (IS); Small
Case_143,vfonov,Fail,X-Scale (LR); Small
Case_143,alexliv,Fail,Z-Scale (IS); Small
Case_143,reza,Fail,Z-Scale (IS); Small. X-Scale (LR); Small
Case_143,dandrews.qrater,Fail,
Case_143,Neda,Fail,Z-Scale (IS); Big
Case_143,estonge,Fail,X-Scale (LR); Small
Case_143,vmadge,Fail,X-Scale (LR); Small
Case_60,Sofia,Fail,X-Rot (LR); Orbitofrontal/Eyes
Case_60,vfonov,Fail,X-Rot (LR); Orbitofrontal/Eyes
Case_60,alexliv,Fail,X-Rot (LR); Orbitofrontal/Eyes
Case_60,dandrews.qrater,Fail,X-Rot (LR); Orbitofrontal/Eyes
Case_60,reza,Fail,X-Rot (LR); Orbitofrontal/Eyes
Case_60,Neda,Fail,X-Rot (LR); Cerebellum/Tentorium
Case_60,estonge,Fail,X-Rot (LR); Orbitofrontal/Eyes
Case_60,vmadge,Fail,X-Rot (LR); Orbitofrontal/Eyes. X-Rot (LR); Cerebellum/Tentorium. X-Scale (LR); Small. Y-Scale (AP); Big; Frontal
Case_77,Sofia,Pass,Y-Scale (AP); Big; Frontal
Case_77,vfonov,Fail,Y-Scale (AP); Big; Frontal
Case_77,alexliv,Fail,X-Rot (LR); Cerebellum/Tentorium. Y-Scale (AP); Big; Occipital. Y-Scale (AP); Big; Frontal. Z-Scale (IS); Small
Case_77,dandrews.qrater,Fail,X-Rot (LR); Cerebellum/Tentorium. Y-Scale (AP); Small; Occipital. Y-Scale (AP); Big; Occipital
Case_77,reza,Fail,X-Rot (LR); Cerebellum/Tentorium. Y-Scale (AP); Big; Occipital
Case_77,Neda,Fail,Y-Scale (AP); Big; Occipital
Case_77,estonge,Fail,Y-Scale (AP); Big; Occipital. Y-Scale (AP); Big; Frontal
Case_77,vmadge,Fail,X-Rot (LR); Cerebellum/Tentorium. Y-Scale (AP); Big; Occipital. Y-Scale (AP); Big; Frontal
Case_92,Sofia,Fail,X-Scale (LR); Small. Y-Scale (AP); Small; Occipital. Z-Scale (IS); Small
Case_92,vfonov,Fail,X-Scale (LR); Small. Y-Scale (AP); Small; Occipital. Z-Scale (IS); Small
Case_92,alexliv,Fail,X-Scale (LR); Small. Y-Scale (AP); Small; Occipital. Z-Scale (IS); Small
Case_92,dandrews.qrater,Fail,X-Scale (LR); Small. Y-Scale (AP); Small; Occipital. Z-Scale (IS); Small
Case_92,reza,Fail,X-Rot (LR); Cerebellum/Tentorium. X-Scale (LR); Small. Y-Scale (AP); Small; Occipital. Z-Scale (IS); Small
Case_92,Neda,Fail,
Case_92,estonge,Fail,X-Scale (LR); Small. Z-Scale (IS); Small
Case_92,vmadge,Fail,X-Rot (LR); Orbitofrontal/Eyes. X-Rot (LR); Cerebellum/Tentorium. X-Scale (LR); Small. Y-Scale (AP); Small; Occipital. Z-Scale (IS); Small
Case_70,Sofia,Pass,
Case_70,vfonov,Pass,
Case_70,alexliv,Pass,
Case_70,dandrews.qrater,Pass,
Case_70,reza,Pass,
Case_70,Neda,Pass,
Case_70,estonge,Pass,
Case_70,vmadge,Pass,X-Scale (LR); Small
Case_128,Sofia,Pass,X-Rot (LR); Orbitofrontal/Eyes
Case_128,vfonov,Fail,
Case_128,alexliv,Fail,X-Rot (LR); Orbitofrontal/Eyes. X-Rot (LR); Cerebellum/Tentorium. Z-Scale (IS); Small
Case_128,reza,Fail,X-Rot (LR); Orbitofrontal/Eyes
Case_128,dandrews.qrater,Fail,X-Rot (LR); Orbitofrontal/Eyes
Case_128,Neda,Fail,X-Rot (LR); Orbitofrontal/Eyes
Case_128,estonge,Pass,
Case_128,vmadge,Fail,X-Rot (LR); Orbitofrontal/Eyes. Z-Scale (IS); Small
Case_82,Sofia,Fail,Z-Scale (IS); Big
Case_82,vfonov,Fail,Z-Scale (IS); Big
Case_82,alexliv,Fail,Z-Scale (IS); Big
Case_82,dandrews.qrater,Fail,Z-Scale (IS); Big
Case_82,reza,Fail,Z-Scale (IS); Big
Case_82,Neda,Fail,
Case_82,estonge,Fail,Y-Scale (AP); Small; Occipital. Z-Scale (IS); Small
Case_82,vmadge,Fail,X-Rot (LR); Orbitofrontal/Eyes. Z-Scale (IS); Big
Case_45,Sofia,Pass,
Case_45,vfonov,Fail,x-scale big
Case_45,alexliv,Pass,
Case_45,dandrews.qrater,Pass,
Case_45,reza,Fail,X-Scale; Big?zz
Case_45,Neda,Fail,X-Scale; big?
Case_45,estonge,Fail,X big
Case_45,vmadge,Pass,
Case_85,Sofia,Pass,
Case_85,vfonov,Pass,
Case_85,alexliv,Fail,Z-Scale (IS); Big
Case_85,dandrews.qrater,Pass,Z-Scale (IS); Big
Case_85,reza,Fail,Z-Scale (IS); Big
Case_85,Neda,Fail,Z-Scale (IS); Big
Case_85,estonge,Fail,Z-Scale (IS); Small
Case_85,vmadge,Pass,Z-Scale (IS); Big
Case_15,Sofia,Pass,
Case_15,vfonov,Pass,
Case_15,alexliv,Pass,
Case_15,reza,Fail,Cerebellum!
Case_15,dandrews.qrater,Pass,cerebellum sticks out
Case_15,Neda,Fail,Z-Scale (IS); Big
Case_15,estonge,Pass,
Case_15,vmadge,Pass,
Case_25,Sofia,Fail,Z-Scale (IS); Small. X-Rot (LR); Cerebellum/Tentorium
Case_25,vfonov,Fail,X-Scale (LR); Small. Y-Scale (AP); Small; Occipital. Z-Scale (IS); Small
Case_25,alexliv,Fail,X-Rot (LR); Cerebellum/Tentorium. Z-Scale (IS); Small
Case_25,reza,Fail,X-Scale (LR); Small. Y-Scale (AP); Small; Occipital. Z-Scale (IS); Small
Case_25,dandrews.qrater,Fail,X-Rot (LR); Cerebellum/Tentorium. Z-Scale (IS); Small
Case_25,Neda,Fail,
Case_25,estonge,Fail,Z-Scale (IS); Small
Case_25,vmadge,Fail,X-Rot (LR); Orbitofrontal/Eyes. X-Rot (LR); Cerebellum/Tentorium. X-Scale (LR); Small. Y-Scale (AP); Small; Occipital. Z-Scale (IS); Small
Case_73,Sofia,Fail,Y-Scale (AP); Big; Occipital. X-Rot (LR); Cerebellum/Tentorium
Case_73,vfonov,Fail,Z-Scale (IS); Small
Case_73,alexliv,Fail,X-Rot (LR); Cerebellum/Tentorium
Case_73,dandrews.qrater,Fail,X-Rot (LR); Cerebellum/Tentorium
Case_73,reza,Fail,X-Rot (LR); Cerebellum/Tentorium
Case_73,Neda,Fail,X-Rot (LR); Cerebellum/Tentorium
Case_73,estonge,Fail,Y-Scale (AP); Big; Occipital. Z-Scale (IS); Small
Case_73,vmadge,Fail,X-Rot (LR); Cerebellum/Tentorium. Y-Scale (AP); Big; Occipital
Case_115,Sofia,Pass,
Case_115,vfonov,Pass,
Case_115,alexliv,Pass,
Case_115,dandrews.qrater,Pass,
Case_115,reza,Fail,X-Rot (LR); Cerebellum/Tentorium
Case_115,Neda,Fail,Z-Scale (IS); Big
Case_115,estonge,Pass,
Case_115,vmadge,Pass,X-Rot (LR); Cerebellum/Tentorium
Case_113,Sofia,Fail,X-Rot (LR); Cerebellum/Tentorium. Z-Scale (IS); Small
Case_113,vfonov,Fail,X-Scale (LR); Small. Y-Scale (AP); Small; Occipital
Case_113,alexliv,Fail,X-Rot (LR); Orbitofrontal/Eyes. X-Scale (LR); Small. Y-Scale (AP); Small; Occipital. Z-Scale (IS); Small
Case_113,dandrews.qrater,Fail,X-Scale (LR); Small. Y-Scale (AP); Small; Occipital. Z-Scale (IS); Small
Case_113,reza,Fail,X-Rot (LR); Cerebellum/Tentorium. Z-Scale (IS); Small
Case_113,Neda,Fail,Z-Scale (IS); Small
Case_113,estonge,Fail,X-Rot (LR); Cerebellum/Tentorium. Z-Scale (IS); Small
Case_113,vmadge,Fail,X-Rot (LR); Cerebellum/Tentorium. Y-Scale (AP); Small; Occipital. Z-Scale (IS); Small
Case_79,Sofia,Pass,
Case_79,vfonov,Pass,
Case_79,alexliv,Pass,Y-Scale (AP); Small; Occipital
Case_79,dandrews.qrater,Fail,Y-Scale (AP); Small; Occipital. Z-Scale (IS); Big
Case_79,reza,Fail,X-Rot (LR); Cerebellum/Tentorium
Case_79,Neda,Fail,
Case_79,estonge,Fail,Y-Scale (AP); Big; Frontal
Case_79,vmadge,Pass,X-Rot (LR); Orbitofrontal/Eyes
Case_98,Sofia,Fail,X-Scale (LR); Small. Z-Scale (IS); Small
Case_98,vfonov,Fail,X-Scale (LR); Small. Y-Scale (AP); Small; Occipital. Z-Scale (IS); Small
Case_98,alexliv,Fail,Y-Scale (AP); Small; Occipital. Z-Scale (IS); Small
Case_98,dandrews.qrater,Fail,X-Scale (LR); Small. Y-Scale (AP); Small; Occipital. Z-Scale (IS); Small
Case_98,reza,Fail,X-Scale (LR); Small. Y-Scale (AP); Small; Occipital. Z-Scale (IS); Small
Case_98,Neda,Fail,
Case_98,estonge,Fail,X-Scale (LR); Small. Y-Scale (AP); Small; Occipital. Z-Scale (IS); Small
Case_98,vmadge,Fail,X-Rot (LR); Orbitofrontal/Eyes. X-Rot (LR); Cerebellum/Tentorium. X-Scale (LR); Small. Y-Scale (AP); Small; Occipital. Z-Scale (IS); Small
Case_117,Sofia,Fail,X-Scale (LR); Small. Z-Scale (IS); Small
Case_117,vfonov,Fail,X-Scale (LR); Small
Case_117,alexliv,Fail,Z-Scale (IS); Small
Case_117,dandrews.qrater,Fail,
Case_117,reza,Fail,X-Scale (LR); Small. Z-Scale (IS); Small
Case_117,Neda,Fail,X-Scale (LR); Small. Z-Scale (IS); Small
Case_117,estonge,Fail,X-Scale (LR); Small
Case_117,vmadge,Fail,
Case_88,Sofia,Fail,Y-Scale (AP); Small; Occipital
Case_88,vfonov,Fail,X-Scale (LR); Small. Y-Scale (AP); Small; Occipital. Z-Scale (IS); Small
Case_88,alexliv,Fail,Y-Scale (AP); Small; Occipital. Z-Scale (IS); Small
Case_88,dandrews.qrater,Fail,X-Scale (LR); Small. Y-Scale (AP); Small; Occipital. Z-Scale (IS); Small
Case_88,reza,Fail,X-Rot (LR); Orbitofrontal/Eyes. Y-Scale (AP); Small; Occipital
Case_88,Neda,Fail,
Case_88,estonge,Fail,Y-Scale (AP); Small; Occipital
Case_88,vmadge,Fail,X-Rot (LR); Orbitofrontal/Eyes. X-Rot (LR); Cerebellum/Tentorium. Y-Scale (AP); Small; Occipital
Case_137,Sofia,Pass,Y-Scale (AP); Big; Occipital
Case_137,vfonov,Fail,Z-Scale (IS); Small
Case_137,alexliv,Fail,X-Rot (LR); Cerebellum/Tentorium. Y-Scale (AP); Big; Occipital. Z-Scale (IS); Small
Case_137,reza,Fail,X-Rot (LR); Cerebellum/Tentorium
Case_137,dandrews.qrater,Fail,X-Rot (LR); Cerebellum/Tentorium
Case_137,Neda,Fail,Y-Scale (AP); Big; Occipital
Case_137,estonge,Fail,Y-Scale (AP); Big; Occipital. Z-Scale (IS); Big
Case_137,vmadge,Fail,X-Rot (LR); Cerebellum/Tentorium. Y-Scale (AP); Big; Occipital
Case_130,Sofia,Pass,
Case_130,vfonov,Pass,
Case_130,alexliv,Pass,
Case_130,reza,Pass,
Case_130,dandrews.qrater,Pass,
Case_130,Neda,Pass,
Case_130,estonge,Pass,
Case_130,vmadge,Pass,
Case_123,Sofia,Pass,
Case_123,vfonov,Fail,Z-Scale (IS); Small
Case_123,alexliv,Fail,X-Rot (LR); Orbitofrontal/Eyes. Z-Scale (IS); Big
Case_123,reza,Fail,X-Rot (LR); Cerebellum/Tentorium
Case_123,dandrews.qrater,Fail,X-Rot (LR); Cerebellum/Tentorium. Z-Scale (IS); Big
Case_123,Neda,Fail,X-Rot (LR); Orbitofrontal/Eyes
Case_123,estonge,Fail,Z-Scale (IS); Big. Y-Scale (AP); Big; Occipital
Case_123,vmadge,Fail,X-Rot (LR); Cerebellum/Tentorium
Case_56,Sofia,Fail,X-Rot (LR); Cerebellum/Tentorium
Case_56,vfonov,Fail,Z-Scale (IS); Small
Case_56,alexliv,Fail,X-Rot (LR); Orbitofrontal/Eyes. X-Rot (LR); Cerebellum/Tentorium. Z-Scale (IS); Small
Case_56,dandrews.qrater,Fail,X-Rot (LR); Cerebellum/Tentorium
Case_56,reza,Fail,X-Rot (LR); Cerebellum/Tentorium
Case_56,Neda,Fail,X-Rot (LR); Orbitofrontal/Eyes
Case_56,estonge,Fail,X-Rot (LR); Cerebellum/Tentorium
Case_56,vmadge,Fail,X-Rot (LR); Orbitofrontal/Eyes. X-Rot (LR); Cerebellum/Tentorium. Y-Scale (AP); Big; Occipital
Case_22,Sofia,Pass,
Case_22,vfonov,Pass,
Case_22,alexliv,Pass,Z-Scale (IS); Small
Case_22,reza,Fail,Z-Scale (IS); Big
Case_22,dandrews.qrater,Pass,
Case_22,Neda,Fail,Z-Scale (IS); Big
Case_22,estonge,Pass,
Case_22,vmadge,Pass,
Case_65,Sofia,Fail,X-Scale (LR); Small. Y-Scale (AP); Small; Occipital. Z-Scale (IS); Small
Case_65,vfonov,Fail,X-Scale (LR); Small. Y-Scale (AP); Small; Occipital. Z-Scale (IS); Small
Case_65,alexliv,Fail,X-Scale (LR); Small. Y-Scale (AP); Small; Occipital. Z-Scale (IS); Small
Case_65,dandrews.qrater,Fail,X-Scale (LR); Small. Y-Scale (AP); Small; Occipital. Z-Scale (IS); Small
Case_65,reza,Fail,X-Scale (LR); Small. Y-Scale (AP); Small; Occipital. Z-Scale (IS); Small
Case_65,Neda,Fail,
Case_65,estonge,Fail,X-Scale (LR); Small. Y-Scale (AP); Small; Occipital. Z-Scale (IS); Small
Case_65,vmadge,Fail,X-Rot (LR); Orbitofrontal/Eyes. X-Rot (LR); Cerebellum/Tentorium. X-Scale (LR); Small. Y-Scale (AP); Small; Occipital. Z-Scale (IS); Small
Case_94,Sofia,Pass,
Case_94,vfonov,Pass,
Case_94,alexliv,Pass,
Case_94,dandrews.qrater,Pass,
Case_94,reza,Pass,
Case_94,Neda,Fail,X-Rot (LR); Cerebellum/Tentorium
Case_94,estonge,Pass,
Case_94,vmadge,Pass,Y-Scale (AP); Big; Occipital
Case_101,alexliv,Fail,Y-Scale (AP); Small; Occipital. Z-Scale (IS); Small
Case_101,Sofia,Pass,
Case_101,vfonov,Fail,X-Scale (LR); Small. Y-Scale (AP); Small; Occipital. Z-Scale (IS); Small
Case_101,dandrews.qrater,Fail,X-Scale (LR); Small. Z-Scale (IS); Small
Case_101,reza,Fail,Z-Scale (IS); Small
Case_101,Neda,Fail,
Case_101,estonge,Fail,Y-Scale (AP); Small; Occipital. Z-Scale (IS); Small
Case_101,vmadge,Fail,X-Scale (LR); Small. Y-Scale (AP); Small; Occipital. Z-Scale (IS); Small
Case_10,alexliv,Pass,
Case_10,Sofia,Pass,Y-Scale (AP); Small; Occipital
Case_10,vfonov,Fail,Y-Scale (AP); Small; Occipital
Case_10,dandrews.qrater,Fail,Y-Scale (AP); Small; Occipital
Case_10,reza,Fail,Y-Scale (AP); Small; Occipital
Case_10,Neda,Fail,
Case_10,estonge,Fail,X-Rot (LR); Orbitofrontal/Eyes. Y-Scale (AP); Small; Occipital
Case_10,vmadge,Fail,X-Rot (LR); Cerebellum/Tentorium. X-Scale (LR); Small. Y-Scale (AP); Small; Occipital
Case_136,Sofia,Pass,
Case_136,vfonov,Fail,Z-Scale (IS); Big
Case_136,alexliv,Pass,X-Rot (LR); Orbitofrontal/Eyes
Case_136,reza,Fail,X-Rot (LR); Cerebellum/Tentorium
Case_136,dandrews.qrater,Pass,
Case_136,Neda,Fail,X-Rot (LR); Cerebellum/Tentorium. Z-Scale (IS); Big
Case_136,estonge,Pass,
Case_136,vmadge,Pass,X-Rot (LR); Cerebellum/Tentorium
Case_33,Sofia,Pass,
Case_33,vfonov,Fail,Z-Scale (IS); Big
Case_33,alexliv,Pass,
Case_33,dandrews.qrater,Pass,X-Rot (LR); Cerebellum/Tentorium
Case_33,reza,Fail,Cerebellum!. X-Rot (LR); Cerebellum/Tentorium
Case_33,Neda,Pass,Z-Scale (IS); Big
Case_33,estonge,Pass,
Case_33,vmadge,Pass,X-Rot (LR); Cerebellum/Tentorium
Case_89,Sofia,Pass,
Case_89,vfonov,Pass,
Case_89,alexliv,Pass,
Case_89,dandrews.qrater,Pass,X-Rot (LR); Cerebellum/Tentorium
Case_89,reza,Pass,
Case_89,Neda,Pass,
Case_89,estonge,Pass,
Case_89,vmadge,Pass,
Case_28,Sofia,Fail,X-Rot (LR); Orbitofrontal/Eyes
Case_28,vfonov,Fail,X-Rot (LR); Orbitofrontal/Eyes
Case_28,alexliv,Fail,X-Rot (LR); Orbitofrontal/Eyes. Z-Scale (IS); Small
Case_28,reza,Fail,X-Rot (LR); Orbitofrontal/Eyes
Case_28,dandrews.qrater,Fail,X-Rot (LR); Orbitofrontal/Eyes
Case_28,Neda,Fail,X-Rot (LR); Cerebellum/Tentorium
Case_28,estonge,Fail,X-Rot (LR); Orbitofrontal/Eyes
Case_28,vmadge,Fail,X-Rot (LR); Orbitofrontal/Eyes
Case_120,Sofia,Fail,Y-Scale (AP); Big; Frontal
Case_120,vfonov,Fail,Y-Scale (AP); Big; Occipital
Case_120,alexliv,Fail,Y-Scale (AP); Big; Frontal. Z-Scale (IS); Big
Case_120,reza,Fail,Y-Scale (AP); Big; Frontal
Case_120,dandrews.qrater,Fail,y scale small frontal. Y-Scale (AP); Big; Frontal. X-Rot (LR); Cerebellum/Tentorium
Case_120,Neda,Fail,Y-scale (AP); Small; Frontal. Y-Scale (AP); Big; Frontal. Z-Scale (IS); Big
Case_120,estonge,Fail,Y-Scale (AP); Big; Frontal
Case_120,vmadge,Fail,Y-Scale (AP); Big; Occipital. Y-Scale (AP); Big; Frontal. Z-Scale (IS); Big
Case_46,Sofia,Fail,X-Scale (LR); Small. Y-Scale (AP); Small; Occipital. Z-Scale (IS); Small
Case_46,vfonov,Fail,X-Scale (LR); Small. Y-Scale (AP); Small; Occipital. Z-Scale (IS); Small
Case_46,alexliv,Fail,X-Scale (LR); Small. Y-Scale (AP); Small; Occipital. Z-Scale (IS); Small
Case_46,dandrews.qrater,Fail,X-Scale (LR); Small. Y-Scale (AP); Small; Occipital. Z-Scale (IS); Small
Case_46,reza,Fail,X-Scale (LR); Small. Y-Scale (AP); Small; Occipital. Z-Scale (IS); Small
Case_46,Neda,Fail,
Case_46,estonge,Fail,X-Scale (LR); Small. Y-Scale (AP); Small; Occipital. Z-Scale (IS); Small
Case_46,vmadge,Fail,X-Rot (LR); Orbitofrontal/Eyes. X-Rot (LR); Cerebellum/Tentorium. X-Scale (LR); Small. Y-Scale (AP); Small; Occipital. Z-Scale (IS); Small
Case_146,Sofia,Fail,X-Scale (LR); Small. Y-Scale (AP); Small; Occipital
Case_146,vfonov,Fail,
Case_146,alexliv,Fail,X-Scale (LR); Small. Y-Scale (AP); Small; Occipital. Z-Scale (IS); Small
Case_146,reza,Fail,X-Scale (LR); Small. Y-Scale (AP); Small; Occipital
Case_146,dandrews.qrater,Fail,X-Scale (LR); Small
Case_146,Neda,Fail,
Case_146,estonge,Fail,X-Scale (LR); Small
Case_146,vmadge,Fail,
Case_135,Sofia,Fail,Z-Scale (IS); Big
Case_135,vfonov,Fail,X-Rot (LR); Orbitofrontal/Eyes. Z-Scale (IS); Big
Case_135,alexliv,Fail,X-Rot (LR); Orbitofrontal/Eyes. X-Rot (LR); Cerebellum/Tentorium. Y-Scale (AP); Big; Occipital. Y-Scale (AP); Big; Frontal. Z-Scale (IS); Big
Case_135,reza,Fail,Y-Scale (AP); Big; Occipital. Y-Scale (AP); Big; Frontal. Z-Scale (IS); Big
Case_135,dandrews.qrater,Fail,
Case_135,Neda,Fail,
Case_135,estonge,Fail,
Case_135,vmadge,Fail,X-Rot (LR); Orbitofrontal/Eyes. Y-Scale (AP); Big; Occipital. Y-Scale (AP); Big; Frontal. Z-Scale (IS); Big
Case_29,Sofia,Fail,X-Rot (LR); Orbitofrontal/Eyes. Z-Scale (IS); Small
Case_29,vfonov,Fail,X-Rot (LR); Orbitofrontal/Eyes. Z-Scale (IS); Small
Case_29,alexliv,Fail,X-Rot (LR); Orbitofrontal/Eyes. X-Rot (LR); Cerebellum/Tentorium. Z-Scale (IS); Small
Case_29,reza,Fail,X-Rot (LR); Orbitofrontal/Eyes. X-Rot (LR); Cerebellum/Tentorium
Case_29,dandrews.qrater,Fail,X-Rot (LR); Orbitofrontal/Eyes
Case_29,Neda,Fail,X-Rot (LR); Cerebellum/Tentorium
Case_29,estonge,Fail,X-Rot (LR); Orbitofrontal/Eyes. Z-Scale (IS); Small
Case_29,vmadge,Fail,X-Rot (LR); Orbitofrontal/Eyes. X-Rot (LR); Cerebellum/Tentorium. Z-Scale (IS); Small
Case_132,Sofia,Fail,X-Rot (LR); Orbitofrontal/Eyes. Z-Scale (IS); Big
Case_132,vfonov,Fail,
Case_132,alexliv,Fail,X-Rot (LR); Orbitofrontal/Eyes. Z-Scale (IS); Big
Case_132,reza,Fail,X-Rot (LR); Orbitofrontal/Eyes
Case_132,dandrews.qrater,Fail,
Case_132,Neda,Fail,X-Rot (LR); Cerebellum/Tentorium. Z-Scale (IS); Big
Case_132,estonge,Fail,Z-Scale (IS); Small
Case_132,vmadge,Fail,X-Rot (LR); Orbitofrontal/Eyes. Z-Scale (IS); Big
Case_93,Sofia,Fail,X-Rot (LR); Orbitofrontal/Eyes
Case_93,vfonov,Fail,X-Rot (LR); Orbitofrontal/Eyes
Case_93,alexliv,Fail,X-Rot (LR); Orbitofrontal/Eyes. X-Rot (LR); Cerebellum/Tentorium
Case_93,dandrews.qrater,Fail,X-Rot (LR); Orbitofrontal/Eyes
Case_93,reza,Fail,X-Rot (LR); Orbitofrontal/Eyes
Case_93,Neda,Fail,
Case_93,estonge,Fail,X-Rot (LR); Orbitofrontal/Eyes
Case_93,vmadge,Fail,X-Rot (LR); Orbitofrontal/Eyes
Case_67,Sofia,Pass,
Case_67,vfonov,Fail,Z-Scale (IS); Big
Case_67,alexliv,Pass,Z-Scale (IS); Big
Case_67,dandrews.qrater,Pass,Z-Scale (IS); Big
Case_67,reza,Fail,X-Rot (LR); Cerebellum/Tentorium. X-Rot (LR); Orbitofrontal/Eyes
Case_67,Neda,Fail,Z-Scale (IS); Big
Case_67,estonge,Fail,Z-Scale (IS); Big
Case_67,vmadge,Fail,X-Rot (LR); Orbitofrontal/Eyes. X-Rot (LR); Cerebellum/Tentorium
Case_21,Sofia,Fail,X-Rot (LR); Orbitofrontal/Eyes. X-Rot (LR); Cerebellum/Tentorium
Case_21,vfonov,Fail,X-Rot (LR); Orbitofrontal/Eyes. X-Rot (LR); Cerebellum/Tentorium
Case_21,alexliv,Fail,X-Rot (LR); Cerebellum/Tentorium. Z-Scale (IS); Small
Case_21,reza,Fail,X-Rot (LR); Orbitofrontal/Eyes. Z-Scale (IS); Big
Case_21,dandrews.qrater,Fail,
Case_21,Neda,Fail,X-Rot (LR); Cerebellum/Tentorium
Case_21,estonge,Fail,X-Rot (LR); Orbitofrontal/Eyes
Case_21,vmadge,Fail,X-Rot (LR); Orbitofrontal/Eyes. X-Rot (LR); Cerebellum/Tentorium. X-Scale (LR); Small
Case_75,Sofia,Pass,
Case_75,vfonov,Fail,Z-Scale (IS); Small
Case_75,alexliv,Fail,Z-Scale (IS); Small
Case_75,dandrews.qrater,Pass,Z-Scale (IS); Small
Case_75,reza,Fail,Z-Scale (IS); Small
Case_75,Neda,Fail,
Case_75,estonge,Fail,Z-Scale (IS); Small
Case_75,vmadge,Fail,X-Rot (LR); Cerebellum/Tentorium. Z-Scale (IS); Small
Case_140,Sofia,Pass,
Case_140,vfonov,Pass,
Case_140,alexliv,Pass,
Case_140,reza,Fail,X-Rot (LR); Cerebellum/Tentorium
Case_140,dandrews.qrater,Pass,
Case_140,Neda,Fail,Z-Scale (IS); Big
Case_140,estonge,Pass,
Case_140,vmadge,Pass,X-Rot (LR); Cerebellum/Tentorium
Case_35,Sofia,Pass,
Case_35,vfonov,Fail,Z-Scale (IS); Big
Case_35,alexliv,Pass,X-Rot (LR); Cerebellum/Tentorium
Case_35,dandrews.qrater,Pass,Z-Scale (IS); Big
Case_35,reza,Fail,Z-Scale (IS); Big. X-Rot (LR); Cerebellum/Tentorium
Case_35,Neda,Fail,Z-Scale (IS); Big
Case_35,estonge,Pass,
Case_35,vmadge,Pass,X-Rot (LR); Cerebellum/Tentorium
Case_48,Sofia,Fail,X-Rot (LR); Orbitofrontal/Eyes
Case_48,vfonov,Fail,Z-Scale (IS); Small
Case_48,alexliv,Fail,X-Rot (LR); Orbitofrontal/Eyes. X-Rot (LR); Cerebellum/Tentorium
Case_48,dandrews.qrater,Fail,X-Rot (LR); Orbitofrontal/Eyes
Case_48,reza,Fail,X-Rot (LR); Orbitofrontal/Eyes
Case_48,Neda,Fail,X-Rot (LR); Orbitofrontal/Eyes. X-Rot (LR); Cerebellum/Tentorium
Case_48,estonge,Fail,X-Rot (LR); Orbitofrontal/Eyes
Case_48,vmadge,Fail,X-Rot (LR); Orbitofrontal/Eyes. X-Rot (LR); Cerebellum/Tentorium
Case_116,Sofia,Fail,X-Rot (LR); Orbitofrontal/Eyes. Z-Scale (IS); Small
Case_116,vfonov,Fail,Z-Scale (IS); Small
Case_116,alexliv,Fail,Y-Scale (AP); Big; Occipital. Z-Scale (IS); Small
Case_116,dandrews.qrater,Fail,X-Rot (LR); Orbitofrontal/Eyes
Case_116,reza,Fail,X-Rot (LR); Orbitofrontal/Eyes
Case_116,Neda,Fail,Y-Scale (AP); Big; Occipital. Z-Scale (IS); Small
Case_116,estonge,Fail,Z-Scale (IS); Small
Case_116,vmadge,Fail,X-Rot (LR); Orbitofrontal/Eyes. X-Rot (LR); Cerebellum/Tentorium. Y-Scale (AP); Big; Occipital
Case_43,Sofia,Fail,X-Rot (LR); Cerebellum/Tentorium
Case_43,vfonov,Fail,
Case_43,alexliv,Fail,X-Rot (LR); Cerebellum/Tentorium
Case_43,dandrews.qrater,Fail,X-Rot (LR); Cerebellum/Tentorium
Case_43,reza,Fail,X-Rot (LR); Cerebellum/Tentorium
Case_43,Neda,Fail,
Case_43,estonge,Fail,Z-Scale (IS); Big
Case_43,vmadge,Fail,X-Rot (LR); Orbitofrontal/Eyes. X-Rot (LR); Cerebellum/Tentorium
Case_74,Sofia,Pass,
Case_74,vfonov,Pass,
Case_74,alexliv,Pass,
Case_74,dandrews.qrater,Pass,
Case_74,reza,Pass,
Case_74,Neda,Pass,
Case_74,estonge,Pass,
Case_74,vmadge,Pass,
Case_58,Sofia,Pass,
Case_58,vfonov,Pass,
Case_58,alexliv,Pass,
Case_58,dandrews.qrater,Pass,Y-Scale (AP); Big; Occipital
Case_58,reza,Pass,
Case_58,Neda,Pass,
Case_58,estonge,Pass,
Case_58,vmadge,Pass,
Case_122,Sofia,Pass,
Case_122,vfonov,Fail,Z-Scale (IS); Big
Case_122,alexliv,Pass,
Case_122,reza,Fail,X-Rot (LR); Cerebellum/Tentorium
Case_122,dandrews.qrater,Pass,Z-Scale (IS); Small
Case_122,Neda,Fail,Z-Scale (IS); Big
Case_122,estonge,Pass,
Case_122,vmadge,Fail,X-Rot (LR); Orbitofrontal/Eyes
Case_63,Sofia,Pass,
Case_63,vfonov,Fail,Y-Scale (AP); Big; Frontal
Case_63,alexliv,Pass,Y-Scale (AP); Big; Occipital
Case_63,dandrews.qrater,Pass,Y-Scale (AP); Big; Occipital
Case_63,reza,Fail,Y-Scale (AP); Big; Occipital
Case_63,Neda,Fail,X-Rot (LR); Orbitofrontal/Eyes
Case_63,estonge,Pass,Y-Scale (AP); Big; Occipital
Case_63,vmadge,Fail,X-Rot (LR); Orbitofrontal/Eyes. Y-Scale (AP); Big; Occipital
Case_106,Sofia,Pass,
Case_106,vfonov,Fail,
Case_106,alexliv,Pass,Z-Scale (IS); Small
Case_106,dandrews.qrater,Fail,off center on coronal view LR axis. Z-Scale (IS); Small. X-Scale (LR); Small. Y-Scale (AP); Small; Occipital
Case_106,reza,Fail,Z-Scale (IS); Small
Case_106,Neda,Fail,Z-Scale (IS); Small
Case_106,estonge,Fail,shear. Z-Scale (IS); Small
Case_106,vmadge,Fail,Y-Scale (AP); Big; Occipital. Z-Scale (IS); Small
Case_68,Sofia,Fail,X-Rot (LR); Orbitofrontal/Eyes
Case_68,vfonov,Fail,X-Rot (LR); Orbitofrontal/Eyes
Case_68,alexliv,Fail,X-Rot (LR); Orbitofrontal/Eyes
Case_68,dandrews.qrater,Fail,X-Rot (LR); Orbitofrontal/Eyes
Case_68,reza,Fail,X-Rot (LR); Orbitofrontal/Eyes
Case_68,Neda,Fail,X-Rot (LR); Cerebellum/Tentorium
Case_68,estonge,Fail,X-Rot (LR); Orbitofrontal/Eyes
Case_68,vmadge,Fail,X-Rot (LR); Orbitofrontal/Eyes. Y-Scale (AP); Big; Frontal
Case_87,Sofia,Fail,X-Rot (LR); Orbitofrontal/Eyes. X-Rot (LR); Cerebellum/Tentorium
Case_87,vfonov,Fail,x-scale big . Z-Scale (IS); Small
Case_87,alexliv,Fail,X-Rot (LR); Orbitofrontal/Eyes. X-Rot (LR); Cerebellum/Tentorium
Case_87,dandrews.qrater,Fail,X-Rot (LR); Cerebellum/Tentorium
Case_87,reza,Fail,X-Rot (LR); Orbitofrontal/Eyes. X-Rot (LR); Cerebellum/Tentorium. Z-Scale (IS); Small
Case_87,Neda,Fail,
Case_87,estonge,Fail,X-Rot (LR); Orbitofrontal/Eyes. Z-Scale (IS); Small
Case_87,vmadge,Fail,X-Rot (LR); Orbitofrontal/Eyes. X-Rot (LR); Cerebellum/Tentorium
Case_5,Sofia,Fail,X-Rot (LR); Cerebellum/Tentorium. Y-Scale (AP); Big; Frontal
Case_5,vfonov,Fail,X-Rot (LR); Orbitofrontal/Eyes
Case_5,alexliv,Fail,X-Rot (LR); Orbitofrontal/Eyes. X-Rot (LR); Cerebellum/Tentorium
Case_5,dandrews.qrater,Fail,Y-Scale (AP); Small; Occipital. X-Scale (LR); Small
Case_5,reza,Fail,X-Scale (LR); Small
Case_5,Neda,Fail,
Case_5,estonge,Fail,X-Rot (LR); Cerebellum/Tentorium. Y-Scale (AP); Small; Occipital
Case_5,vmadge,Fail,X-Rot (LR); Cerebellum/Tentorium. Y-Scale (AP); Small; Occipital
Case_18,Sofia,Fail,X-Rot (LR); Cerebellum/Tentorium
Case_18,vfonov,Fail,Z-Scale (IS); Small
Case_18,alexliv,Fail,X-Rot (LR); Cerebellum/Tentorium. X-Scale (LR); Small. Z-Scale (IS); Small
Case_18,reza,Fail,X-Rot (LR); Cerebellum/Tentorium
Case_18,dandrews.qrater,Fail,Z-Scale (IS); Small
Case_18,Neda,Fail,Z-Scale (IS); Small
Case_18,estonge,Fail,X-Rot (LR); Cerebellum/Tentorium
Case_18,vmadge,Fail,Z-Scale (IS); Small
Case_99,Sofia,Fail,X-Scale (LR); Small. Y-Scale (AP); Small; Occipital. Z-Scale (IS); Small
Case_99,vfonov,Fail,X-Scale (LR); Small. Y-Scale (AP); Small; Occipital. Z-Scale (IS); Small
Case_99,alexliv,Fail,X-Rot (LR); Orbitofrontal/Eyes. X-Rot (LR); Cerebellum/Tentorium. X-Scale (LR); Small. Y-Scale (AP); Small; Occipital. Z-Scale (IS); Small
Case_99,dandrews.qrater,Fail,X-Scale (LR); Small. Y-Scale (AP); Small; Occipital. Z-Scale (IS); Small
Case_99,reza,Fail,X-Rot (LR); Orbitofrontal/Eyes. X-Rot (LR); Cerebellum/Tentorium. X-Scale (LR); Small. Y-Scale (AP); Small; Occipital. Z-Scale (IS); Small
Case_99,Neda,Fail,
Case_99,estonge,Fail,X-Scale (LR); Small. Y-Scale (AP); Small; Occipital. Z-Scale (IS); Small
Case_99,vmadge,Fail,X-Rot (LR); Orbitofrontal/Eyes. X-Rot (LR); Cerebellum/Tentorium. X-Scale (LR); Small. Y-Scale (AP); Small; Occipital. Z-Scale (IS); Small
Case_119,Sofia,Fail,X-Rot (LR); Orbitofrontal/Eyes. Y-Scale (AP); Small; Occipital. Z-Scale (IS); Small
Case_119,vfonov,Fail,X-Rot (LR); Orbitofrontal/Eyes. X-Rot (LR); Cerebellum/Tentorium
Case_119,alexliv,Fail,X-Rot (LR); Orbitofrontal/Eyes. X-Rot (LR); Cerebellum/Tentorium. Y-Scale (AP); Small; Occipital. Z-Scale (IS); Small
Case_119,reza,Fail,X-Rot (LR); Orbitofrontal/Eyes. Z-Scale (IS); Small
Case_119,dandrews.qrater,Fail,
Case_119,Neda,Fail,
Case_119,estonge,Fail,X-Rot (LR); Cerebellum/Tentorium. Y-Scale (AP); Small; Occipital. Z-Scale (IS); Small
Case_119,vmadge,Fail,
Case_38,Sofia,Fail,X-Rot (LR); Orbitofrontal/Eyes
Case_38,vfonov,Fail,X-Rot (LR); Orbitofrontal/Eyes. X-Rot (LR); Cerebellum/Tentorium
Case_38,alexliv,Fail,X-Rot (LR); Orbitofrontal/Eyes. X-Rot (LR); Cerebellum/Tentorium
Case_38,dandrews.qrater,Fail,X-Rot (LR); Orbitofrontal/Eyes
Case_38,reza,Fail,X-Rot (LR); Orbitofrontal/Eyes
Case_38,Neda,Fail,X-Rot (LR); Orbitofrontal/Eyes. X-Rot (LR); Cerebellum/Tentorium
Case_38,estonge,Fail,X-Rot (LR); Orbitofrontal/Eyes
Case_38,vmadge,Fail,X-Rot (LR); Orbitofrontal/Eyes. Y-Scale (AP); Big; Occipital. Y-Scale (AP); Big; Frontal
Case_34,Sofia,Pass,
Case_34,vfonov,Fail,Y-Scale (AP); Big; Occipital
Case_34,alexliv,Pass,
Case_34,dandrews.qrater,Pass,Y-Scale (AP); Big; Occipital
Case_34,reza,Fail,Z-Scale (IS); Small
Case_34,Neda,Pass,
Case_34,estonge,Pass,
Case_34,vmadge,Fail,X-Rot (LR); Orbitofrontal/Eyes
Case_24,Sofia,Pass,
Case_24,vfonov,Pass,
Case_24,alexliv,Pass,
Case_24,reza,Pass,
Case_24,dandrews.qrater,Pass,
Case_24,Neda,Pass,Z-Scale (IS); Big
Case_24,estonge,Pass,
Case_24,vmadge,Pass,X-Rot (LR); Cerebellum/Tentorium
Case_13,Sofia,Pass,
Case_13,vfonov,Fail,
Case_13,alexliv,Fail,X-Rot (LR); Cerebellum/Tentorium. Y-Scale (AP); Small; Occipital
Case_13,reza,Fail,Z-Scale (IS); Small
Case_13,dandrews.qrater,Fail,
Case_13,Neda,Fail,
Case_13,estonge,Fail,Z-Scale (IS); Small
Case_13,vmadge,Fail,X-Rot (LR); Cerebellum/Tentorium
Case_69,Sofia,Fail,X-Rot (LR); Orbitofrontal/Eyes. Z-Scale (IS); Big
Case_69,vfonov,Fail,
Case_69,alexliv,Fail,X-Rot (LR); Orbitofrontal/Eyes. X-Rot (LR); Cerebellum/Tentorium. Z-Scale (IS); Big
Case_69,dandrews.qrater,Fail,X-Rot (LR); Orbitofrontal/Eyes
Case_69,reza,Fail,X-Rot (LR); Orbitofrontal/Eyes
Case_69,Neda,Fail,X-Rot (LR); Orbitofrontal/Eyes. X-Rot (LR); Cerebellum/Tentorium. Z-Scale (IS); Big
Case_69,estonge,Fail,X-Rot (LR); Orbitofrontal/Eyes
Case_69,vmadge,Fail,X-Rot (LR); Orbitofrontal/Eyes. X-Rot (LR); Cerebellum/Tentorium. Z-Scale (IS); Big
Case_7,Sofia,Pass,
Case_7,vfonov,Fail,X-Scale (LR); Small
Case_7,alexliv,Fail,Y-Scale (AP); Small; Occipital. Z-Scale (IS); Small
Case_7,dandrews.qrater,Fail,X-Scale (LR); Small. Y-Scale (AP); Small; Occipital
Case_7,reza,Fail,Y-Scale (AP); Small; Occipital
Case_7,Neda,Fail,
Case_7,estonge,Fail,near. X-Scale (LR); Small. Y-Scale (AP); Small; Occipital
Case_7,vmadge,Fail,X-Rot (LR); Cerebellum/Tentorium. Y-Scale (AP); Small; Occipital
Case_129,Sofia,Pass,Y-Scale (AP); Big; Occipital. Y-Scale (AP); Big; Frontal
Case_129,vfonov,Fail,
Case_129,alexliv,Fail,X-Rot (LR); Cerebellum/Tentorium. Y-Scale (AP); Big; Occipital. Y-Scale (AP); Big; Frontal
Case_129,reza,Fail,Y-Scale (AP); Big; Occipital
Case_129,dandrews.qrater,Pass,X-Rot (LR); Cerebellum/Tentorium. Y-Scale (AP); Big; Occipital
Case_129,Neda,Fail,X-Rot (LR); Orbitofrontal/Eyes. Y-Scale (AP); Big; Frontal
Case_129,estonge,Fail,Y-Scale (AP); Big; Occipital
Case_129,vmadge,Fail,Y-Scale (AP); Big; Occipital. Y-Scale (AP); Big; Frontal
Case_84,Sofia,Fail,
Case_84,vfonov,Fail,"z-shift,. Z-Scale (IS); Big"
Case_84,alexliv,Fail,
Case_84,dandrews.qrater,Fail,total fail
Case_84,reza,Fail,
Case_84,Neda,Fail,
Case_84,estonge,Fail,
Case_84,vmadge,Fail,
Case_133,Sofia,Fail,X-Scale (LR); Small
Case_133,vfonov,Fail,shift & scaling
Case_133,alexliv,Fail,Off-center. Y-Scale (AP); Small; Occipital. Z-Scale (IS); Big
Case_133,reza,Fail,Y-Scale (AP); Big; Frontal. Z-Scale (IS); Big
Case_133,dandrews.qrater,Fail,Y-Scale (AP); Small; Occipital. Y-Scale (AP); Big; Frontal. Z-Scale (IS); Big
Case_133,Neda,Fail,
Case_133,estonge,Fail,
Case_133,vmadge,Fail,
Case_9,Sofia,Pass,
Case_9,vfonov,Pass,
Case_9,alexliv,Pass,
Case_9,dandrews.qrater,Pass,LR big. Z-Scale (IS); Big
Case_9,reza,Pass,
Case_9,Neda,Pass,
Case_9,estonge,Pass,
Case_9,vmadge,Pass,Y-Scale (AP); Big; Occipital
Case_32,Sofia,Fail,X-Scale (LR); Small. Z-Scale (IS); Small
Case_32,vfonov,Fail,X-Rot (LR); Orbitofrontal/Eyes. X-Scale (LR); Small
Case_32,alexliv,Fail,X-Rot (LR); Orbitofrontal/Eyes. Z-Scale (IS); Small
Case_32,dandrews.qrater,Fail,X-Rot (LR); Orbitofrontal/Eyes
Case_32,reza,Fail,X-Rot (LR); Orbitofrontal/Eyes. X-Scale (LR); Small. Y-Scale (AP); Small; Occipital. Z-Scale (IS); Small
Case_32,Neda,Fail,X-Rot (LR); Cerebellum/Tentorium
Case_32,estonge,Fail,X-Scale (LR); Small. Z-Scale (IS); Small
Case_32,vmadge,Fail,X-Rot (LR); Orbitofrontal/Eyes. X-Rot (LR); Cerebellum/Tentorium. X-Scale (LR); Small. Y-Scale (AP); Small; Occipital
Case_80,Sofia,Pass,
Case_80,vfonov,Pass,
Case_80,alexliv,Pass,
Case_80,dandrews.qrater,Pass,Y-Scale (AP); Big; Frontal. Z-Scale (IS); Big
Case_80,reza,Fail,Z-Scale (IS); Big
Case_80,Neda,Fail,Z-Scale (IS); Big
Case_80,estonge,Pass,near
Case_80,vmadge,Pass,Y-Scale (AP); Big; Frontal
Case_4,Sofia,Pass,
Case_4,vfonov,Pass,
Case_4,alexliv,Fail,Y-Scale (AP); Big; Occipital
Case_4,dandrews.qrater,Pass,Y-Scale (AP); Big; Occipital
Case_4,reza,Pass,
Case_4,Neda,Pass,
Case_4,estonge,Pass,
Case_4,vmadge,Pass,Y-Scale (AP); Big; Occipital
Case_1,alexliv,Fail,Y-Scale (AP); Big; Occipital. X-Rot (LR); Orbitofrontal/Eyes. X-Rot (LR); Cerebellum/Tentorium
Case_1,Sofia,Fail,X-Rot (LR); Orbitofrontal/Eyes. Y-Scale (AP); Small; Occipital
Case_1,vfonov,Fail,X-Rot (LR); Orbitofrontal/Eyes. X-Rot (LR); Cerebellum/Tentorium
Case_1,dandrews.qrater,Fail,Z-Scale (IS); Big
Case_1,reza,Fail,X-Rot (LR); Orbitofrontal/Eyes. X-Rot (LR); Cerebellum/Tentorium. Z-Scale (IS); Big
Case_1,Neda,Fail,X-Rot (LR); Cerebellum/Tentorium
Case_1,estonge,Fail,X-Rot (LR); Orbitofrontal/Eyes
Case_1,vmadge,Fail,X-Rot (LR); Orbitofrontal/Eyes. X-Rot (LR); Cerebellum/Tentorium. Y-Scale (AP); Small; Occipital
Case_47,Sofia,Fail,X-Rot (LR); Orbitofrontal/Eyes. X-Rot (LR); Cerebellum/Tentorium. Y-Scale (AP); Big; Occipital
Case_47,vfonov,Fail,Y-Scale (AP); Big; Frontal
Case_47,alexliv,Fail,X-Rot (LR); Orbitofrontal/Eyes. X-Rot (LR); Cerebellum/Tentorium. Y-Scale (AP); Big; Occipital
Case_47,dandrews.qrater,Fail,X-Rot (LR); Orbitofrontal/Eyes. X-Rot (LR); Cerebellum/Tentorium. Y-Scale (AP); Big; Occipital
Case_47,reza,Fail,Y-Scale (AP); Big; Occipital
Case_47,Neda,Fail,Y-Scale (AP); Small; Occipital
Case_47,estonge,Fail,Y-Scale (AP); Big; Occipital
Case_47,vmadge,Fail,X-Rot (LR); Orbitofrontal/Eyes. X-Rot (LR); Cerebellum/Tentorium. Y-Scale (AP); Big; Occipital
Case_14,Sofia,Pass,
Case_14,vfonov,Pass,
Case_14,alexliv,Pass,Z-Scale (IS); Big
Case_14,reza,Fail,Z-Scale (IS); Big
Case_14,dandrews.qrater,Pass,
Case_14,Neda,Fail,Y-Scale (AP); Big; Occipital
Case_14,estonge,Pass,
Case_14,vmadge,Pass,Y-Scale (AP); Big; Occipital
Case_111,Sofia,Pass,
Case_111,vfonov,Fail,Y-Scale (AP); Big; Frontal
Case_111,alexliv,Fail,X-Rot (LR); Orbitofrontal/Eyes. Y-Scale (AP); Big; Occipital
Case_111,dandrews.qrater,Pass,Y-Scale (AP); Big; Occipital
Case_111,reza,Fail,
Case_111,Neda,Fail,Y-Scale (AP); Big; Occipital
Case_111,estonge,Fail,X Big. Z-Scale (IS); Big
Case_111,vmadge,Pass,Y-Scale (AP); Big; Occipital
Case_124,Sofia,Pass,
Case_124,vfonov,Fail,Z-Scale (IS); Big
Case_124,alexliv,Fail,X-Rot (LR); Orbitofrontal/Eyes. Z-Scale (IS); Small
Case_124,reza,Fail,I really don't know what to do with this one. Cerebellum is torturing me.. X-Rot (LR); Cerebellum/Tentorium
Case_124,dandrews.qrater,Pass,
Case_124,Neda,Fail,Z-Scale (IS); Big
Case_124,estonge,Pass,
Case_124,vmadge,Pass,X-Rot (LR); Cerebellum/Tentorium
Case_59,Sofia,Fail,X-Rot (LR); Cerebellum/Tentorium
Case_59,vfonov,Fail,Z-Scale (IS); Small
Case_59,alexliv,Fail,X-Rot (LR); Cerebellum/Tentorium
Case_59,dandrews.qrater,Fail,X-Rot (LR); Cerebellum/Tentorium
Case_59,reza,Fail,X-Rot (LR); Cerebellum/Tentorium
Case_59,Neda,Fail,Z-Scale (IS); Small
Case_59,estonge,Fail,Z-Scale (IS); Small
Case_59,vmadge,Fail,X-Rot (LR); Orbitofrontal/Eyes. X-Rot (LR); Cerebellum/Tentorium. Y-Scale (AP); Big; Occipital
Case_6,Sofia,Fail,X-Rot (LR); Orbitofrontal/Eyes. X-Rot (LR); Cerebellum/Tentorium
Case_6,vfonov,Fail,Z-Scale (IS); Big
Case_6,alexliv,Fail,X-Rot (LR); Orbitofrontal/Eyes. X-Rot (LR); Cerebellum/Tentorium
Case_6,dandrews.qrater,Fail,X-Rot (LR); Orbitofrontal/Eyes
Case_6,reza,Fail,X-Rot (LR); Orbitofrontal/Eyes
Case_6,Neda,Fail,X-Rot (LR); Orbitofrontal/Eyes. X-Rot (LR); Cerebellum/Tentorium
Case_6,estonge,Fail,X-Rot (LR); Orbitofrontal/Eyes. Y-Scale (AP); Small; Occipital. Z-Scale (IS); Small
Case_6,vmadge,Fail,X-Rot (LR); Orbitofrontal/Eyes. X-Rot (LR); Cerebellum/Tentorium. Y-Scale (AP); Big; Frontal